match_id,date,decision,stake,bankroll,cumulative_profit,roi,yield,max_drawdown
761,2025-08-23,BET,38.59468810631363,157.89203215947043,57.89203215947043,0.5789203215947043,1.4999999999999996,0.0
762,2025-08-23,NO BET,0.0,157.89203215947043,57.89203215947043,0.5789203215947043,1.4999999999999996,0.0
763,2025-08-23,NO BET,0.0,157.89203215947043,57.89203215947043,0.5789203215947043,1.4999999999999996,0.0
764,2025-08-23,NO BET,0.0,157.89203215947043,57.89203215947043,0.5789203215947043,1.4999999999999996,0.0
765,2025-08-24,NO BET,0.0,157.89203215947043,57.89203215947043,0.5789203215947043,1.4999999999999996,0.0
766,2025-08-24,NO BET,0.0,157.89203215947043,57.89203215947043,0.5789203215947043,1.4999999999999996,0.0
767,2025-08-24,NO BET,0.0,157.89203215947043,57.89203215947043,0.5789203215947043,1.4999999999999996,0.0
768,2025-08-24,NO BET,0.0,157.89203215947043,57.89203215947043,0.5789203215947043,1.4999999999999996,0.0
769,2025-08-25,NO BET,0.0,157.89203215947043,57.89203215947043,0.5789203215947043,1.4999999999999996,0.0
770,2025-08-25,NO BET,0.0,157.89203215947043,57.89203215947043,0.5789203215947043,1.4999999999999996,0.0
771,2025-08-29,NO BET,0.0,157.89203215947043,57.89203215947043,0.5789203215947043,1.4999999999999996,0.0
772,2025-08-29,NO BET,0.0,157.89203215947043,57.89203215947043,0.5789203215947043,1.4999999999999996,0.0
773,2025-08-30,NO BET,0.0,157.89203215947043,57.89203215947043,0.5789203215947043,1.4999999999999996,0.0
774,2025-08-30,NO BET,0.0,157.89203215947043,57.89203215947043,0.5789203215947043,1.4999999999999996,0.0
775,2025-08-30,NO BET,0.0,157.89203215947043,57.89203215947043,0.5789203215947043,1.4999999999999996,0.0
776,2025-08-30,NO BET,0.0,157.89203215947043,57.89203215947043,0.5789203215947043,1.4999999999999996,0.0
777,2025-08-31,NO BET,0.0,157.89203215947043,57.89203215947043,0.5789203215947043,1.4999999999999996,0.0
778,2025-08-31,NO BET,0.0,157.89203215947043,57.89203215947043,0.5789203215947043,1.4999999999999996,0.0
779,2025-08-31,NO BET,0.0,157.89203215947043,57.89203215947043,0.5789203215947043,1.4999999999999996,0.0
780,2025-08-31,NO BET,0.0,157.89203215947043,57.89203215947043,0.5789203215947043,1.4999999999999996,0.0
781,2025-09-13,NO BET,0.0,157.89203215947043,57.89203215947043,0.5789203215947043,1.4999999999999996,0.0
782,2025-09-13,NO BET,0.0,157.89203215947043,57.89203215947043,0.5789203215947043,1.4999999999999996,0.0
783,2025-09-13,NO BET,0.0,157.89203215947043,57.89203215947043,0.5789203215947043,1.4999999999999996,0.0
784,2025-09-14,NO BET,0.0,157.89203215947043,57.89203215947043,0.5789203215947043,1.4999999999999996,0.0
785,2025-09-14,NO BET,0.0,157.89203215947043,57.89203215947043,0.5789203215947043,1.4999999999999996,0.0
786,2025-09-14,NO BET,0.0,157.89203215947043,57.89203215947043,0.5789203215947043,1.4999999999999996,0.0
787,2025-09-14,NO BET,0.0,157.89203215947043,57.89203215947043,0.5789203215947043,1.4999999999999996,0.0
788,2025-09-14,NO BET,0.0,157.89203215947043,57.89203215947043,0.5789203215947043,1.4999999999999996,0.0
789,2025-09-15,NO BET,0.0,157.89203215947043,57.89203215947043,0.5789203215947043,1.4999999999999996,0.0
790,2025-09-15,NO BET,0.0,157.89203215947043,57.89203215947043,0.5789203215947043,1.4999999999999996,0.0
791,2025-09-19,NO BET,0.0,157.89203215947043,57.89203215947043,0.5789203215947043,1.4999999999999996,0.0
792,2025-09-20,NO BET,0.0,157.89203215947043,57.89203215947043,0.5789203215947043,1.4999999999999996,0.0
793,2025-09-20,NO BET,0.0,157.89203215947043,57.89203215947043,0.5789203215947043,1.4999999999999996,0.0
794,2025-09-20,NO BET,0.0,157.89203215947043,57.89203215947043,0.5789203215947043,1.4999999999999996,0.0
795,2025-09-21,NO BET,0.0,157.89203215947043,57.89203215947043,0.5789203215947043,1.4999999999999996,0.0
796,2025-09-21,NO BET,0.0,157.89203215947043,57.89203215947043,0.5789203215947043,1.4999999999999996,0.0
797,2025-09-21,NO BET,0.0,157.89203215947043,57.89203215947043,0.5789203215947043,1.4999999999999996,0.0
798,2025-09-21,NO BET,0.0,157.89203215947043,57.89203215947043,0.5789203215947043,1.4999999999999996,0.0
799,2025-09-21,NO BET,0.0,157.89203215947043,57.89203215947043,0.5789203215947043,1.4999999999999996,0.0
800,2025-09-22,NO BET,0.0,157.89203215947043,57.89203215947043,0.5789203215947043,1.4999999999999996,0.0
801,2025-09-27,NO BET,0.0,157.89203215947043,57.89203215947043,0.5789203215947043,1.4999999999999996,0.0
802,2025-09-27,NO BET,0.0,157.89203215947043,57.89203215947043,0.5789203215947043,1.4999999999999996,0.0
803,2025-09-27,NO BET,0.0,157.89203215947043,57.89203215947043,0.5789203215947043,1.4999999999999996,0.0
804,2025-09-28,NO BET,0.0,157.89203215947043,57.89203215947043,0.5789203215947043,1.4999999999999996,0.0
805,2025-09-28,NO BET,0.0,157.89203215947043,57.89203215947043,0.5789203215947043,1.4999999999999996,0.0
806,2025-09-28,NO BET,0.0,157.89203215947043,57.89203215947043,0.5789203215947043,1.4999999999999996,0.0
807,2025-09-28,NO BET,0.0,157.89203215947043,57.89203215947043,0.5789203215947043,1.4999999999999996,0.0
808,2025-09-28,NO BET,0.0,157.89203215947043,57.89203215947043,0.5789203215947043,1.4999999999999996,0.0
809,2025-09-29,NO BET,0.0,157.89203215947043,57.89203215947043,0.5789203215947043,1.4999999999999996,0.0
810,2025-09-29,NO BET,0.0,157.89203215947043,57.89203215947043,0.5789203215947043,1.4999999999999996,0.0
811,2025-10-03,NO BET,0.0,157.89203215947043,57.89203215947043,0.5789203215947043,1.4999999999999996,0.0
812,2025-10-04,NO BET,0.0,157.89203215947043,57.89203215947043,0.5789203215947043,1.4999999999999996,0.0
813,2025-10-04,NO BET,0.0,157.89203215947043,57.89203215947043,0.5789203215947043,1.4999999999999996,0.0
814,2025-10-04,NO BET,0.0,157.89203215947043,57.89203215947043,0.5789203215947043,1.4999999999999996,0.0
815,2025-10-04,NO BET,0.0,157.89203215947043,57.89203215947043,0.5789203215947043,1.4999999999999996,0.0
816,2025-10-05,NO BET,0.0,157.89203215947043,57.89203215947043,0.5789203215947043,1.4999999999999996,0.0
817,2025-10-05,NO BET,0.0,157.89203215947043,57.89203215947043,0.5789203215947043,1.4999999999999996,0.0
818,2025-10-05,NO BET,0.0,157.89203215947043,57.89203215947043,0.5789203215947043,1.4999999999999996,0.0
819,2025-10-05,NO BET,0.0,157.89203215947043,57.89203215947043,0.5789203215947043,1.4999999999999996,0.0
820,2025-10-05,NO BET,0.0,157.89203215947043,57.89203215947043,0.5789203215947043,1.4999999999999996,0.0
821,2025-10-18,NO BET,0.0,157.89203215947043,57.89203215947043,0.5789203215947043,1.4999999999999996,0.0
822,2025-10-18,NO BET,0.0,157.89203215947043,57.89203215947043,0.5789203215947043,1.4999999999999996,0.0
823,2025-10-18,NO BET,0.0,157.89203215947043,57.89203215947043,0.5789203215947043,1.4999999999999996,0.0
824,2025-10-18,NO BET,0.0,157.89203215947043,57.89203215947043,0.5789203215947043,1.4999999999999996,0.0
825,2025-10-19,NO BET,0.0,157.89203215947043,57.89203215947043,0.5789203215947043,1.4999999999999996,0.0
826,2025-10-19,NO BET,0.0,157.89203215947043,57.89203215947043,0.5789203215947043,1.4999999999999996,0.0
827,2025-10-19,NO BET,0.0,157.89203215947043,57.89203215947043,0.5789203215947043,1.4999999999999996,0.0
828,2025-10-19,NO BET,0.0,157.89203215947043,57.89203215947043,0.5789203215947043,1.4999999999999996,0.0
829,2025-10-19,NO BET,0.0,157.89203215947043,57.89203215947043,0.5789203215947043,1.4999999999999996,0.0
830,2025-10-20,NO BET,0.0,157.89203215947043,57.89203215947043,0.5789203215947043,1.4999999999999996,0.0
831,2025-10-24,NO BET,0.0,157.89203215947043,57.89203215947043,0.5789203215947043,1.4999999999999996,0.0
832,2025-10-25,NO BET,0.0,157.89203215947043,57.89203215947043,0.5789203215947043,1.4999999999999996,0.0
833,2025-10-25,NO BET,0.0,157.89203215947043,57.89203215947043,0.5789203215947043,1.4999999999999996,0.0
834,2025-10-25,NO BET,0.0,157.89203215947043,57.89203215947043,0.5789203215947043,1.4999999999999996,0.0
835,2025-10-25,NO BET,0.0,157.89203215947043,57.89203215947043,0.5789203215947043,1.4999999999999996,0.0
836,2025-10-26,NO BET,0.0,157.89203215947043,57.89203215947043,0.5789203215947043,1.4999999999999996,0.0
837,2025-10-26,NO BET,0.0,157.89203215947043,57.89203215947043,0.5789203215947043,1.4999999999999996,0.0
838,2025-10-26,NO BET,0.0,157.89203215947043,57.89203215947043,0.5789203215947043,1.4999999999999996,0.0
839,2025-10-26,NO BET,0.0,157.89203215947043,57.89203215947043,0.5789203215947043,1.4999999999999996,0.0
840,2025-10-26,NO BET,0.0,157.89203215947043,57.89203215947043,0.5789203215947043,1.4999999999999996,0.0
841,2025-10-28,NO BET,0.0,157.89203215947043,57.89203215947043,0.5789203215947043,1.4999999999999996,0.0
842,2025-10-28,NO BET,0.0,157.89203215947043,57.89203215947043,0.5789203215947043,1.4999999999999996,0.0
843,2025-10-29,NO BET,0.0,157.89203215947043,57.89203215947043,0.5789203215947043,1.4999999999999996,0.0
844,2025-10-29,NO BET,0.0,157.89203215947043,57.89203215947043,0.5789203215947043,1.4999999999999996,0.0
845,2025-10-29,NO BET,0.0,157.89203215947043,57.89203215947043,0.5789203215947043,1.4999999999999996,0.0
846,2025-10-29,NO BET,0.0,157.89203215947043,57.89203215947043,0.5789203215947043,1.4999999999999996,0.0
847,2025-10-29,NO BET,0.0,157.89203215947043,57.89203215947043,0.5789203215947043,1.4999999999999996,0.0
848,2025-10-29,NO BET,0.0,157.89203215947043,57.89203215947043,0.5789203215947043,1.4999999999999996,0.0
849,2025-10-30,NO BET,0.0,157.89203215947043,57.89203215947043,0.5789203215947043,1.4999999999999996,0.0
850,2025-10-30,NO BET,0.0,157.89203215947043,57.89203215947043,0.5789203215947043,1.4999999999999996,0.0
851,2025-11-01,NO BET,0.0,157.89203215947043,57.89203215947043,0.5789203215947043,1.4999999999999996,0.0
852,2025-11-01,NO BET,0.0,157.89203215947043,57.89203215947043,0.5789203215947043,1.4999999999999996,0.0
853,2025-11-01,NO BET,0.0,157.89203215947043,57.89203215947043,0.5789203215947043,1.4999999999999996,0.0
854,2025-11-02,NO BET,0.0,157.89203215947043,57.89203215947043,0.5789203215947043,1.4999999999999996,0.0
855,2025-11-02,NO BET,0.0,157.89203215947043,57.89203215947043,0.5789203215947043,1.4999999999999996,0.0
856,2025-11-02,NO BET,0.0,157.89203215947043,57.89203215947043,0.5789203215947043,1.4999999999999996,0.0
857,2025-11-02,NO BET,0.0,157.89203215947043,57.89203215947043,0.5789203215947043,1.4999999999999996,0.0
858,2025-11-02,NO BET,0.0,157.89203215947043,57.89203215947043,0.5789203215947043,1.4999999999999996,0.0
859,2025-11-03,NO BET,0.0,157.89203215947043,57.89203215947043,0.5789203215947043,1.4999999999999996,0.0
860,2025-11-03,NO BET,0.0,157.89203215947043,57.89203215947043,0.5789203215947043,1.4999999999999996,0.0
861,2025-11-07,NO BET,0.0,157.89203215947043,57.89203215947043,0.5789203215947043,1.4999999999999996,0.0
862,2025-11-08,NO BET,0.0,157.89203215947043,57.89203215947043,0.5789203215947043,1.4999999999999996,0.0
863,2025-11-08,NO BET,0.0,157.89203215947043,57.89203215947043,0.5789203215947043,1.4999999999999996,0.0
864,2025-11-08,NO BET,0.0,157.89203215947043,57.89203215947043,0.5789203215947043,1.4999999999999996,0.0
865,2025-11-08,NO BET,0.0,157.89203215947043,57.89203215947043,0.5789203215947043,1.4999999999999996,0.0
866,2025-11-09,NO BET,0.0,157.89203215947043,57.89203215947043,0.5789203215947043,1.4999999999999996,0.0
867,2025-11-09,NO BET,0.0,157.89203215947043,57.89203215947043,0.5789203215947043,1.4999999999999996,0.0
868,2025-11-09,NO BET,0.0,157.89203215947043,57.89203215947043,0.5789203215947043,1.4999999999999996,0.0
869,2025-11-09,NO BET,0.0,157.89203215947043,57.89203215947043,0.5789203215947043,1.4999999999999996,0.0
870,2025-11-09,NO BET,0.0,157.89203215947043,57.89203215947043,0.5789203215947043,1.4999999999999996,0.0
871,2025-11-22,NO BET,0.0,157.89203215947043,57.89203215947043,0.5789203215947043,1.4999999999999996,0.0
872,2025-11-22,NO BET,0.0,157.89203215947043,57.89203215947043,0.5789203215947043,1.4999999999999996,0.0
873,2025-11-22,NO BET,0.0,157.89203215947043,57.89203215947043,0.5789203215947043,1.4999999999999996,0.0
874,2025-11-22,NO BET,0.0,157.89203215947043,57.89203215947043,0.5789203215947043,1.4999999999999996,0.0
875,2025-11-23,NO BET,0.0,157.89203215947043,57.89203215947043,0.5789203215947043,1.4999999999999996,0.0
876,2025-11-23,NO BET,0.0,157.89203215947043,57.89203215947043,0.5789203215947043,1.4999999999999996,0.0
877,2025-11-23,NO BET,0.0,157.89203215947043,57.89203215947043,0.5789203215947043,1.4999999999999996,0.0
878,2025-11-23,NO BET,0.0,157.89203215947043,57.89203215947043,0.5789203215947043,1.4999999999999996,0.0
879,2025-11-24,NO BET,0.0,157.89203215947043,57.89203215947043,0.5789203215947043,1.4999999999999996,0.0
880,2025-11-24,NO BET,0.0,157.89203215947043,57.89203215947043,0.5789203215947043,1.4999999999999996,0.0
881,2025-11-28,NO BET,0.0,157.89203215947043,57.89203215947043,0.5789203215947043,1.4999999999999996,0.0
882,2025-11-29,NO BET,0.0,157.89203215947043,57.89203215947043,0.5789203215947043,1.4999999999999996,0.0
883,2025-11-29,NO BET,0.0,157.89203215947043,57.89203215947043,0.5789203215947043,1.4999999999999996,0.0
884,2025-11-29,NO BET,0.0,157.89203215947043,57.89203215947043,0.5789203215947043,1.4999999999999996,0.0
885,2025-11-29,NO BET,0.0,157.89203215947043,57.89203215947043,0.5789203215947043,1.4999999999999996,0.0
886,2025-11-30,NO BET,0.0,157.89203215947043,57.89203215947043,0.5789203215947043,1.4999999999999996,0.0
887,2025-11-30,NO BET,0.0,157.89203215947043,57.89203215947043,0.5789203215947043,1.4999999999999996,0.0
888,2025-11-30,NO BET,0.0,157.89203215947043,57.89203215947043,0.5789203215947043,1.4999999999999996,0.0
889,2025-11-30,NO BET,0.0,157.89203215947043,57.89203215947043,0.5789203215947043,1.4999999999999996,0.0
890,2025-12-01,NO BET,0.0,157.89203215947043,57.89203215947043,0.5789203215947043,1.4999999999999996,0.0
891,2025-12-06,NO BET,0.0,157.89203215947043,57.89203215947043,0.5789203215947043,1.4999999999999996,0.0
892,2025-12-06,NO BET,0.0,157.89203215947043,57.89203215947043,0.5789203215947043,1.4999999999999996,0.0
893,2025-12-06,NO BET,0.0,157.89203215947043,57.89203215947043,0.5789203215947043,1.4999999999999996,0.0
894,2025-12-07,NO BET,0.0,157.89203215947043,57.89203215947043,0.5789203215947043,1.4999999999999996,0.0
895,2025-12-07,NO BET,0.0,157.89203215947043,57.89203215947043,0.5789203215947043,1.4999999999999996,0.0
896,2025-12-07,NO BET,0.0,157.89203215947043,57.89203215947043,0.5789203215947043,1.4999999999999996,0.0
897,2025-12-07,NO BET,0.0,157.89203215947043,57.89203215947043,0.5789203215947043,1.4999999999999996,0.0
898,2025-12-08,NO BET,0.0,157.89203215947043,57.89203215947043,0.5789203215947043,1.4999999999999996,0.0
899,2025-12-08,NO BET,0.0,157.89203215947043,57.89203215947043,0.5789203215947043,1.4999999999999996,0.0
900,2025-12-08,NO BET,0.0,157.89203215947043,57.89203215947043,0.5789203215947043,1.4999999999999996,0.0
901,2025-12-12,NO BET,0.0,157.89203215947043,57.89203215947043,0.5789203215947043,1.4999999999999996,0.0
902,2025-12-13,NO BET,0.0,157.89203215947043,57.89203215947043,0.5789203215947043,1.4999999999999996,0.0
903,2025-12-13,NO BET,0.0,157.89203215947043,57.89203215947043,0.5789203215947043,1.4999999999999996,0.0
904,2025-12-13,NO BET,0.0,157.89203215947043,57.89203215947043,0.5789203215947043,1.4999999999999996,0.0
905,2025-12-14,NO BET,0.0,157.89203215947043,57.89203215947043,0.5789203215947043,1.4999999999999996,0.0
906,2025-12-14,NO BET,0.0,157.89203215947043,57.89203215947043,0.5789203215947043,1.4999999999999996,0.0
907,2025-12-14,NO BET,0.0,157.89203215947043,57.89203215947043,0.5789203215947043,1.4999999999999996,0.0
908,2025-12-14,NO BET,0.0,157.89203215947043,57.89203215947043,0.5789203215947043,1.4999999999999996,0.0
909,2025-12-14,NO BET,0.0,157.89203215947043,57.89203215947043,0.5789203215947043,1.4999999999999996,0.0
910,2025-12-15,NO BET,0.0,157.89203215947043,57.89203215947043,0.5789203215947043,1.4999999999999996,0.0
911,2025-12-20,NO BET,0.0,157.89203215947043,57.89203215947043,0.5789203215947043,1.4999999999999996,0.0
912,2025-12-20,NO BET,0.0,157.89203215947043,57.89203215947043,0.5789203215947043,1.4999999999999996,0.0
913,2025-12-21,NO BET,0.0,157.89203215947043,57.89203215947043,0.5789203215947043,1.4999999999999996,0.0
914,2025-12-21,NO BET,0.0,157.89203215947043,57.89203215947043,0.5789203215947043,1.4999999999999996,0.0
915,2025-12-21,NO BET,0.0,157.89203215947043,57.89203215947043,0.5789203215947043,1.4999999999999996,0.0
916,2025-12-21,NO BET,0.0,157.89203215947043,57.89203215947043,0.5789203215947043,1.4999999999999996,0.0
917,2025-12-27,NO BET,0.0,157.89203215947043,57.89203215947043,0.5789203215947043,1.4999999999999996,0.0
918,2025-12-27,NO BET,0.0,157.89203215947043,57.89203215947043,0.5789203215947043,1.4999999999999996,0.0
919,2025-12-27,NO BET,0.0,157.89203215947043,57.89203215947043,0.5789203215947043,1.4999999999999996,0.0
920,2025-12-27,NO BET,0.0,157.89203215947043,57.89203215947043,0.5789203215947043,1.4999999999999996,0.0
921,2025-12-27,NO BET,0.0,157.89203215947043,57.89203215947043,0.5789203215947043,1.4999999999999996,0.0
922,2025-12-28,NO BET,0.0,157.89203215947043,57.89203215947043,0.5789203215947043,1.4999999999999996,0.0
923,2025-12-28,NO BET,0.0,157.89203215947043,57.89203215947043,0.5789203215947043,1.4999999999999996,0.0
924,2025-12-28,NO BET,0.0,157.89203215947043,57.89203215947043,0.5789203215947043,1.4999999999999996,0.0
925,2025-12-28,NO BET,0.0,157.89203215947043,57.89203215947043,0.5789203215947043,1.4999999999999996,0.0
926,2025-12-29,NO BET,0.0,157.89203215947043,57.89203215947043,0.5789203215947043,1.4999999999999996,0.0
927,2026-01-02,NO BET,0.0,157.89203215947043,57.89203215947043,0.5789203215947043,1.4999999999999996,0.0
928,2026-01-03,NO BET,0.0,157.89203215947043,57.89203215947043,0.5789203215947043,1.4999999999999996,0.0
929,2026-01-03,NO BET,0.0,157.89203215947043,57.89203215947043,0.5789203215947043,1.4999999999999996,0.0
930,2026-01-03,NO BET,0.0,157.89203215947043,57.89203215947043,0.5789203215947043,1.4999999999999996,0.0
931,2026-01-03,NO BET,0.0,157.89203215947043,57.89203215947043,0.5789203215947043,1.4999999999999996,0.0
932,2026-01-03,NO BET,0.0,157.89203215947043,57.89203215947043,0.5789203215947043,1.4999999999999996,0.0
933,2026-01-04,NO BET,0.0,157.89203215947043,57.89203215947043,0.5789203215947043,1.4999999999999996,0.0
934,2026-01-04,NO BET,0.0,157.89203215947043,57.89203215947043,0.5789203215947043,1.4999999999999996,0.0
935,2026-01-04,NO BET,0.0,157.89203215947043,57.89203215947043,0.5789203215947043,1.4999999999999996,0.0
936,2026-01-04,NO BET,0.0,157.89203215947043,57.89203215947043,0.5789203215947043,1.4999999999999996,0.0
937,2026-01-06,NO BET,0.0,157.89203215947043,57.89203215947043,0.5789203215947043,1.4999999999999996,0.0
938,2026-01-06,NO BET,0.0,157.89203215947043,57.89203215947043,0.5789203215947043,1.4999999999999996,0.0
939,2026-01-06,NO BET,0.0,157.89203215947043,57.89203215947043,0.5789203215947043,1.4999999999999996,0.0
940,2026-01-07,NO BET,0.0,157.89203215947043,57.89203215947043,0.5789203215947043,1.4999999999999996,0.0
941,2026-01-07,NO BET,0.0,157.89203215947043,57.89203215947043,0.5789203215947043,1.4999999999999996,0.0
942,2026-01-07,NO BET,0.0,157.89203215947043,57.89203215947043,0.5789203215947043,1.4999999999999996,0.0
943,2026-01-07,NO BET,0.0,157.89203215947043,57.89203215947043,0.5789203215947043,1.4999999999999996,0.0
944,2026-01-07,NO BET,0.0,157.89203215947043,57.89203215947043,0.5789203215947043,1.4999999999999996,0.0
945,2026-01-08,NO BET,0.0,157.89203215947043,57.89203215947043,0.5789203215947043,1.4999999999999996,0.0
946,2026-01-08,NO BET,0.0,157.89203215947043,57.89203215947043,0.5789203215947043,1.4999999999999996,0.0
947,2026-01-10,NO BET,0.0,157.89203215947043,57.89203215947043,0.5789203215947043,1.4999999999999996,0.0
948,2026-01-10,NO BET,0.0,157.89203215947043,57.89203215947043,0.5789203215947043,1.4999999999999996,0.0
949,2026-01-10,NO BET,0.0,157.89203215947043,57.89203215947043,0.5789203215947043,1.4999999999999996,0.0
950,2026-01-10,NO BET,0.0,157.89203215947043,57.89203215947043,0.5789203215947043,1.4999999999999996,0.0
951,2026-01-11,NO BET,0.0,157.89203215947043,57.89203215947043,0.5789203215947043,1.4999999999999996,0.0
952,2026-01-11,NO BET,0.0,157.89203215947043,57.89203215947043,0.5789203215947043,1.4999999999999996,0.0
953,2026-01-11,NO BET,0.0,157.89203215947043,57.89203215947043,0.5789203215947043,1.4999999999999996,0.0
954,2026-01-11,NO BET,0.0,157.89203215947043,57.89203215947043,0.5789203215947043,1.4999999999999996,0.0
955,2026-01-12,NO BET,0.0,157.89203215947043,57.89203215947043,0.5789203215947043,1.4999999999999996,0.0
956,2026-01-12,NO BET,0.0,157.89203215947043,57.89203215947043,0.5789203215947043,1.4999999999999996,0.0
957,2026-01-14,NO BET,0.0,157.89203215947043,57.89203215947043,0.5789203215947043,1.4999999999999996,0.0
958,2026-01-14,NO BET,0.0,157.89203215947043,57.89203215947043,0.5789203215947043,1.4999999999999996,0.0
959,2026-01-15,NO BET,0.0,157.89203215947043,57.89203215947043,0.5789203215947043,1.4999999999999996,0.0
960,2026-01-15,NO BET,0.0,157.89203215947043,57.89203215947043,0.5789203215947043,1.4999999999999996,0.0
961,2026-01-16,NO BET,0.0,157.89203215947043,57.89203215947043,0.5789203215947043,1.4999999999999996,0.0
962,2026-01-17,NO BET,0.0,157.89203215947043,57.89203215947043,0.5789203215947043,1.4999999999999996,0.0
963,2026-01-17,NO BET,0.0,157.89203215947043,57.89203215947043,0.5789203215947043,1.4999999999999996,0.0
964,2026-01-17,NO BET,0.0,157.89203215947043,57.89203215947043,0.5789203215947043,1.4999999999999996,0.0
965,2026-01-18,NO BET,0.0,157.89203215947043,57.89203215947043,0.5789203215947043,1.4999999999999996,0.0
966,2026-01-18,NO BET,0.0,157.89203215947043,57.89203215947043,0.5789203215947043,1.4999999999999996,0.0
967,2026-01-18,NO BET,0.0,157.89203215947043,57.89203215947043,0.5789203215947043,1.4999999999999996,0.0
968,2026-01-18,NO BET,0.0,157.89203215947043,57.89203215947043,0.5789203215947043,1.4999999999999996,0.0
969,2026-01-19,NO BET,0.0,157.89203215947043,57.89203215947043,0.5789203215947043,1.4999999999999996,0.0
970,2026-01-19,NO BET,0.0,157.89203215947043,57.89203215947043,0.5789203215947043,1.4999999999999996,0.0
971,2026-01-23,NO BET,0.0,157.89203215947043,57.89203215947043,0.5789203215947043,1.4999999999999996,0.0
972,2026-01-24,NO BET,0.0,157.89203215947043,57.89203215947043,0.5789203215947043,1.4999999999999996,0.0
973,2026-01-24,NO BET,0.0,157.89203215947043,57.89203215947043,0.5789203215947043,1.4999999999999996,0.0
974,2026-01-24,NO BET,0.0,157.89203215947043,57.89203215947043,0.5789203215947043,1.4999999999999996,0.0
975,2026-01-25,NO BET,0.0,157.89203215947043,57.89203215947043,0.5789203215947043,1.4999999999999996,0.0
976,2026-01-25,NO BET,0.0,157.89203215947043,57.89203215947043,0.5789203215947043,1.4999999999999996,0.0
977,2026-01-25,NO BET,0.0,157.89203215947043,57.89203215947043,0.5789203215947043,1.4999999999999996,0.0
978,2026-01-25,NO BET,0.0,157.89203215947043,57.89203215947043,0.5789203215947043,1.4999999999999996,0.0
979,2026-01-25,NO BET,0.0,157.89203215947043,57.89203215947043,0.5789203215947043,1.4999999999999996,0.0
980,2026-01-26,NO BET,0.0,157.89203215947043,57.89203215947043,0.5789203215947043,1.4999999999999996,0.0
981,2026-01-30,NO BET,0.0,157.89203215947043,57.89203215947043,0.5789203215947043,1.4999999999999996,0.0
982,2026-01-31,NO BET,0.0,157.89203215947043,57.89203215947043,0.5789203215947043,1.4999999999999996,0.0
983,2026-01-31,NO BET,0.0,157.89203215947043,57.89203215947043,0.5789203215947043,1.4999999999999996,0.0
984,2026-01-31,NO BET,0.0,157.89203215947043,57.89203215947043,0.5789203215947043,1.4999999999999996,0.0
985,2026-02-01,NO BET,0.0,157.89203215947043,57.89203215947043,0.5789203215947043,1.4999999999999996,0.0
986,2026-02-01,NO BET,0.0,157.89203215947043,57.89203215947043,0.5789203215947043,1.4999999999999996,0.0
987,2026-02-01,NO BET,0.0,157.89203215947043,57.89203215947043,0.5789203215947043,1.4999999999999996,0.0
988,2026-02-01,NO BET,0.0,157.89203215947043,57.89203215947043,0.5789203215947043,1.4999999999999996,0.0
989,2026-02-02,NO BET,0.0,157.89203215947043,57.89203215947043,0.5789203215947043,1.4999999999999996,0.0
990,2026-02-03,NO BET,0.0,157.89203215947043,57.89203215947043,0.5789203215947043,1.4999999999999996,0.0
991,2026-02-06,NO BET,0.0,157.89203215947043,57.89203215947043,0.5789203215947043,1.4999999999999996,0.0
992,2026-02-07,NO BET,0.0,157.89203215947043,57.89203215947043,0.5789203215947043,1.4999999999999996,0.0
993,2026-02-07,NO BET,0.0,157.89203215947043,57.89203215947043,0.5789203215947043,1.4999999999999996,0.0
994,2026-02-08,NO BET,0.0,157.89203215947043,57.89203215947043,0.5789203215947043,1.4999999999999996,0.0
995,2026-02-08,NO BET,0.0,157.89203215947043,57.89203215947043,0.5789203215947043,1.4999999999999996,0.0
996,2026-02-08,NO BET,0.0,157.89203215947043,57.89203215947043,0.5789203215947043,1.4999999999999996,0.0
997,2026-02-08,NO BET,0.0,157.89203215947043,57.89203215947043,0.5789203215947043,1.4999999999999996,0.0
998,2026-02-09,NO BET,0.0,157.89203215947043,57.89203215947043,0.5789203215947043,1.4999999999999996,0.0
999,2026-02-09,NO BET,0.0,157.89203215947043,57.89203215947043,0.5789203215947043,1.4999999999999996,0.0
1000,2026-02-13,NO BET,0.0,157.89203215947043,57.89203215947043,0.5789203215947043,1.4999999999999996,0.0
1001,2026-02-14,NO BET,0.0,157.89203215947043,57.89203215947043,0.5789203215947043,1.4999999999999996,0.0
1002,2026-02-14,NO BET,0.0,157.89203215947043,57.89203215947043,0.5789203215947043,1.4999999999999996,0.0
1003,2026-02-14,NO BET,0.0,157.89203215947043,57.89203215947043,0.5789203215947043,1.4999999999999996,0.0
1004,2026-02-15,NO BET,0.0,157.89203215947043,57.89203215947043,0.5789203215947043,1.4999999999999996,0.0
1005,2026-02-15,NO BET,0.0,157.89203215947043,57.89203215947043,0.5789203215947043,1.4999999999999996,0.0
1006,2026-02-15,NO BET,0.0,157.89203215947043,57.89203215947043,0.5789203215947043,1.4999999999999996,0.0
1007,2026-02-15,NO BET,0.0,157.89203215947043,57.89203215947043,0.5789203215947043,1.4999999999999996,0.0
1008,2026-02-15,NO BET,0.0,157.89203215947043,57.89203215947043,0.5789203215947043,1.4999999999999996,0.0
1009,2026-02-16,NO BET,0.0,157.89203215947043,57.89203215947043,0.5789203215947043,1.4999999999999996,0.0
1010,2026-02-18,NO BET,0.0,157.89203215947043,57.89203215947043,0.5789203215947043,1.4999999999999996,0.0
1011,2026-02-20,NO BET,0.0,157.89203215947043,57.89203215947043,0.5789203215947043,1.4999999999999996,0.0
1012,2026-02-21,NO BET,0.0,157.89203215947043,57.89203215947043,0.5789203215947043,1.4999999999999996,0.0
1013,2026-02-21,NO BET,0.0,157.89203215947043,57.89203215947043,0.5789203215947043,1.4999999999999996,0.0
1014,2026-02-21,NO BET,0.0,157.89203215947043,57.89203215947043,0.5789203215947043,1.4999999999999996,0.0
1015,2026-02-22,NO BET,0.0,157.89203215947043,57.89203215947043,0.5789203215947043,1.4999999999999996,0.0
1016,2026-02-22,NO BET,0.0,157.89203215947043,57.89203215947043,0.5789203215947043,1.4999999999999996,0.0
1017,2026-02-22,NO BET,0.0,157.89203215947043,57.89203215947043,0.5789203215947043,1.4999999999999996,0.0
1018,2026-02-22,NO BET,0.0,157.89203215947043,57.89203215947043,0.5789203215947043,1.4999999999999996,0.0
1019,2026-02-23,NO BET,0.0,157.89203215947043,57.89203215947043,0.5789203215947043,1.4999999999999996,0.0
1020,2026-02-23,NO BET,0.0,157.89203215947043,57.89203215947043,0.5789203215947043,1.4999999999999996,0.0
1021,2026-02-27,NO BET,0.0,157.89203215947043,57.89203215947043,0.5789203215947043,1.4999999999999996,0.0
1022,2026-02-28,NO BET,0.0,157.89203215947043,57.89203215947043,0.5789203215947043,1.4999999999999996,0.0
1023,2026-02-28,NO BET,0.0,157.89203215947043,57.89203215947043,0.5789203215947043,1.4999999999999996,0.0
1024,2026-02-28,NO BET,0.0,157.89203215947043,57.89203215947043,0.5789203215947043,1.4999999999999996,0.0
1025,2026-03-01,NO BET,0.0,157.89203215947043,57.89203215947043,0.5789203215947043,1.4999999999999996,0.0
1026,2026-03-01,NO BET,0.0,157.89203215947043,57.89203215947043,0.5789203215947043,1.4999999999999996,0.0
1027,2026-03-01,NO BET,0.0,157.89203215947043,57.89203215947043,0.5789203215947043,1.4999999999999996,0.0
1028,2026-03-01,NO BET,0.0,157.89203215947043,57.89203215947043,0.5789203215947043,1.4999999999999996,0.0
1029,2026-03-02,NO BET,0.0,157.89203215947043,57.89203215947043,0.5789203215947043,1.4999999999999996,0.0
1030,2026-03-02,NO BET,0.0,157.89203215947043,57.89203215947043,0.5789203215947043,1.4999999999999996,0.0
1031,2026-03-06,NO BET,0.0,157.89203215947043,57.89203215947043,0.5789203215947043,1.4999999999999996,0.0
1032,2026-03-07,NO BET,0.0,157.89203215947043,57.89203215947043,0.5789203215947043,1.4999999999999996,0.0
1033,2026-03-07,NO BET,0.0,157.89203215947043,57.89203215947043,0.5789203215947043,1.4999999999999996,0.0
1034,2026-03-07,NO BET,0.0,157.89203215947043,57.89203215947043,0.5789203215947043,1.4999999999999996,0.0
1035,2026-03-08,NO BET,0.0,157.89203215947043,57.89203215947043,0.5789203215947043,1.4999999999999996,0.0
1036,2026-03-08,NO BET,0.0,157.89203215947043,57.89203215947043,0.5789203215947043,1.4999999999999996,0.0
1037,2026-03-08,NO BET,0.0,157.89203215947043,57.89203215947043,0.5789203215947043,1.4999999999999996,0.0
1038,2026-03-08,NO BET,0.0,157.89203215947043,57.89203215947043,0.5789203215947043,1.4999999999999996,0.0
1039,2026-03-08,NO BET,0.0,157.89203215947043,57.89203215947043,0.5789203215947043,1.4999999999999996,0.0
1040,2026-03-09,NO BET,0.0,157.89203215947043,57.89203215947043,0.5789203215947043,1.4999999999999996,0.0
1041,2026-03-13,NO BET,0.0,157.89203215947043,57.89203215947043,0.5789203215947043,1.4999999999999996,0.0
1042,2026-03-14,NO BET,0.0,157.89203215947043,57.89203215947043,0.5789203215947043,1.4999999999999996,0.0
1043,2026-03-14,NO BET,0.0,157.89203215947043,57.89203215947043,0.5789203215947043,1.4999999999999996,0.0
1044,2026-03-14,NO BET,0.0,157.89203215947043,57.89203215947043,0.5789203215947043,1.4999999999999996,0.0
1045,2026-03-15,NO BET,0.0,157.89203215947043,57.89203215947043,0.5789203215947043,1.4999999999999996,0.0
1046,2026-03-15,NO BET,0.0,157.89203215947043,57.89203215947043,0.5789203215947043,1.4999999999999996,0.0
1047,2026-03-15,NO BET,0.0,157.89203215947043,57.89203215947043,0.5789203215947043,1.4999999999999996,0.0
1048,2026-03-15,NO BET,0.0,157.89203215947043,57.89203215947043,0.5789203215947043,1.4999999999999996,0.0
1049,2026-03-15,NO BET,0.0,157.89203215947043,57.89203215947043,0.5789203215947043,1.4999999999999996,0.0
1050,2026-03-16,NO BET,0.0,157.89203215947043,57.89203215947043,0.5789203215947043,1.4999999999999996,0.0
1051,2026-03-20,NO BET,0.0,157.89203215947043,57.89203215947043,0.5789203215947043,1.4999999999999996,0.0
1052,2026-03-20,NO BET,0.0,157.89203215947043,57.89203215947043,0.5789203215947043,1.4999999999999996,0.0
1053,2026-03-21,NO BET,0.0,157.89203215947043,57.89203215947043,0.5789203215947043,1.4999999999999996,0.0
1054,2026-03-21,NO BET,0.0,157.89203215947043,57.89203215947043,0.5789203215947043,1.4999999999999996,0.0
1055,2026-03-21,NO BET,0.0,157.89203215947043,57.89203215947043,0.5789203215947043,1.4999999999999996,0.0
1056,2026-03-22,NO BET,0.0,157.89203215947043,57.89203215947043,0.5789203215947043,1.4999999999999996,0.0
1057,2026-03-22,NO BET,0.0,157.89203215947043,57.89203215947043,0.5789203215947043,1.4999999999999996,0.0
1058,2026-03-22,NO BET,0.0,157.89203215947043,57.89203215947043,0.5789203215947043,1.4999999999999996,0.0
1059,2026-03-22,NO BET,0.0,157.89203215947043,57.89203215947043,0.5789203215947043,1.4999999999999996,0.0
1060,2026-03-22,NO BET,0.0,157.89203215947043,57.89203215947043,0.5789203215947043,1.4999999999999996,0.0
1061,2026-04-04,NO BET,0.0,157.89203215947043,57.89203215947043,0.5789203215947043,1.4999999999999996,0.0
1062,2026-04-04,NO BET,0.0,157.89203215947043,57.89203215947043,0.5789203215947043,1.4999999999999996,0.0
1063,2026-04-04,NO BET,0.0,157.89203215947043,57.89203215947043,0.5789203215947043,1.4999999999999996,0.0
1064,2026-04-05,NO BET,0.0,157.89203215947043,57.89203215947043,0.5789203215947043,1.4999999999999996,0.0
1065,2026-04-05,NO BET,0.0,157.89203215947043,57.89203215947043,0.5789203215947043,1.4999999999999996,0.0
1066,2026-04-05,NO BET,0.0,157.89203215947043,57.89203215947043,0.5789203215947043,1.4999999999999996,0.0
1067,2026-04-06,NO BET,0.0,157.89203215947043,57.89203215947043,0.5789203215947043,1.4999999999999996,0.0
1068,2026-04-06,NO BET,0.0,157.89203215947043,57.89203215947043,0.5789203215947043,1.4999999999999996,0.0
1069,2026-04-06,NO BET,0.0,157.89203215947043,57.89203215947043,0.5789203215947043,1.4999999999999996,0.0
1070,2026-04-06,NO BET,0.0,157.89203215947043,57.89203215947043,0.5789203215947043,1.4999999999999996,0.0
1071,2026-04-10,NO BET,0.0,157.89203215947043,57.89203215947043,0.5789203215947043,1.4999999999999996,0.0
1072,2026-04-11,NO BET,0.0,157.89203215947043,57.89203215947043,0.5789203215947043,1.4999999999999996,0.0
1073,2026-04-11,NO BET,0.0,157.89203215947043,57.89203215947043,0.5789203215947043,1.4999999999999996,0.0
1074,2026-04-11,NO BET,0.0,157.89203215947043,57.89203215947043,0.5789203215947043,1.4999999999999996,0.0
1075,2026-04-11,NO BET,0.0,157.89203215947043,57.89203215947043,0.5789203215947043,1.4999999999999996,0.0
1076,2026-04-12,NO BET,0.0,157.89203215947043,57.89203215947043,0.5789203215947043,1.4999999999999996,0.0
1077,2026-04-12,NO BET,0.0,157.89203215947043,57.89203215947043,0.5789203215947043,1.4999999999999996,0.0
1078,2026-04-12,NO BET,0.0,157.89203215947043,57.89203215947043,0.5789203215947043,1.4999999999999996,0.0
1079,2026-04-12,NO BET,0.0,157.89203215947043,57.89203215947043,0.5789203215947043,1.4999999999999996,0.0
1080,2026-04-13,NO BET,0.0,157.89203215947043,57.89203215947043,0.5789203215947043,1.4999999999999996,0.0
1081,2026-04-17,NO BET,0.0,157.89203215947043,57.89203215947043,0.5789203215947043,1.4999999999999996,0.0
1082,2026-04-17,NO BET,0.0,157.89203215947043,57.89203215947043,0.5789203215947043,1.4999999999999996,0.0
1083,2026-04-18,NO BET,0.0,157.89203215947043,57.89203215947043,0.5789203215947043,1.4999999999999996,0.0
1084,2026-04-18,NO BET,0.0,157.89203215947043,57.89203215947043,0.5789203215947043,1.4999999999999996,0.0
1085,2026-04-18,NO BET,0.0,157.89203215947043,57.89203215947043,0.5789203215947043,1.4999999999999996,0.0
1086,2026-04-19,NO BET,0.0,157.89203215947043,57.89203215947043,0.5789203215947043,1.4999999999999996,0.0
1087,2026-04-19,NO BET,0.0,157.89203215947043,57.89203215947043,0.5789203215947043,1.4999999999999996,0.0
1088,2026-04-19,NO BET,0.0,157.89203215947043,57.89203215947043,0.5789203215947043,1.4999999999999996,0.0
1089,2026-04-19,NO BET,0.0,157.89203215947043,57.89203215947043,0.5789203215947043,1.4999999999999996,0.0
1090,2026-04-20,NO BET,0.0,157.89203215947043,57.89203215947043,0.5789203215947043,1.4999999999999996,0.0
1091,2026-04-24,NO BET,0.0,157.89203215947043,57.89203215947043,0.5789203215947043,1.4999999999999996,0.0
1092,2026-04-25,NO BET,0.0,157.89203215947043,57.89203215947043,0.5789203215947043,1.4999999999999996,0.0
1093,2026-04-25,NO BET,0.0,157.89203215947043,57.89203215947043,0.5789203215947043,1.4999999999999996,0.0
1094,2026-04-25,NO BET,0.0,157.89203215947043,57.89203215947043,0.5789203215947043,1.4999999999999996,0.0
1095,2026-04-26,NO BET,0.0,157.89203215947043,57.89203215947043,0.5789203215947043,1.4999999999999996,0.0
1096,2026-04-26,NO BET,0.0,157.89203215947043,57.89203215947043,0.5789203215947043,1.4999999999999996,0.0
1097,2026-04-26,NO BET,0.0,157.89203215947043,57.89203215947043,0.5789203215947043,1.4999999999999996,0.0
1098,2026-04-26,NO BET,0.0,157.89203215947043,57.89203215947043,0.5789203215947043,1.4999999999999996,0.0
1099,2026-04-27,NO BET,0.0,157.89203215947043,57.89203215947043,0.5789203215947043,1.4999999999999996,0.0
1100,2026-04-27,NO BET,0.0,157.89203215947043,57.89203215947043,0.5789203215947043,1.4999999999999996,0.0
1101,2026-05-01,NO BET,0.0,157.89203215947043,57.89203215947043,0.5789203215947043,1.4999999999999996,0.0
1102,2026-05-02,NO BET,0.0,157.89203215947043,57.89203215947043,0.5789203215947043,1.4999999999999996,0.0
1103,2026-05-02,NO BET,0.0,157.89203215947043,57.89203215947043,0.5789203215947043,1.4999999999999996,0.0
1104,2026-05-02,NO BET,0.0,157.89203215947043,57.89203215947043,0.5789203215947043,1.4999999999999996,0.0
1105,2026-05-03,NO BET,0.0,157.89203215947043,57.89203215947043,0.5789203215947043,1.4999999999999996,0.0
1106,2026-05-03,NO BET,0.0,157.89203215947043,57.89203215947043,0.5789203215947043,1.4999999999999996,0.0
1107,2026-05-03,NO BET,0.0,157.89203215947043,57.89203215947043,0.5789203215947043,1.4999999999999996,0.0
1108,2026-05-03,NO BET,0.0,157.89203215947043,57.89203215947043,0.5789203215947043,1.4999999999999996,0.0
1109,2026-05-04,NO BET,0.0,157.89203215947043,57.89203215947043,0.5789203215947043,1.4999999999999996,0.0
1110,2026-05-04,NO BET,0.0,157.89203215947043,57.89203215947043,0.5789203215947043,1.4999999999999996,0.0
1111,2026-05-08,NO BET,0.0,157.89203215947043,57.89203215947043,0.5789203215947043,1.4999999999999996,0.0
1112,2026-05-09,NO BET,0.0,157.89203215947043,57.89203215947043,0.5789203215947043,1.4999999999999996,0.0
1113,2026-05-09,NO BET,0.0,157.89203215947043,57.89203215947043,0.5789203215947043,1.4999999999999996,0.0
1114,2026-05-09,NO BET,0.0,157.89203215947043,57.89203215947043,0.5789203215947043,1.4999999999999996,0.0
1115,2026-05-10,NO BET,0.0,157.89203215947043,57.89203215947043,0.5789203215947043,1.4999999999999996,0.0
1116,2026-05-10,NO BET,0.0,157.89203215947043,57.89203215947043,0.5789203215947043,1.4999999999999996,0.0
1117,2026-05-10,NO BET,0.0,157.89203215947043,57.89203215947043,0.5789203215947043,1.4999999999999996,0.0
1118,2026-05-10,NO BET,0.0,157.89203215947043,57.89203215947043,0.5789203215947043,1.4999999999999996,0.0
1119,2026-05-10,NO BET,0.0,157.89203215947043,57.89203215947043,0.5789203215947043,1.4999999999999996,0.0
1120,2026-05-11,NO BET,0.0,157.89203215947043,57.89203215947043,0.5789203215947043,1.4999999999999996,0.0
1121,2026-05-17,NO BET,0.0,157.89203215947043,57.89203215947043,0.5789203215947043,1.4999999999999996,0.0
1122,2026-05-17,NO BET,0.0,157.89203215947043,57.89203215947043,0.5789203215947043,1.4999999999999996,0.0
1123,2026-05-17,NO BET,0.0,157.89203215947043,57.89203215947043,0.5789203215947043,1.4999999999999996,0.0
1124,2026-05-17,NO BET,0.0,157.89203215947043,57.89203215947043,0.5789203215947043,1.4999999999999996,0.0
1125,2026-05-17,NO BET,0.0,157.89203215947043,57.89203215947043,0.5789203215947043,1.4999999999999996,0.0
1126,2026-05-17,NO BET,0.0,157.89203215947043,57.89203215947043,0.5789203215947043,1.4999999999999996,0.0
1127,2026-05-17,NO BET,0.0,157.89203215947043,57.89203215947043,0.5789203215947043,1.4999999999999996,0.0
1128,2026-05-17,NO BET,0.0,157.89203215947043,57.89203215947043,0.5789203215947043,1.4999999999999996,0.0
1129,2026-05-17,NO BET,0.0,157.89203215947043,57.89203215947043,0.5789203215947043,1.4999999999999996,0.0
1130,2026-05-17,NO BET,0.0,157.89203215947043,57.89203215947043,0.5789203215947043,1.4999999999999996,0.0
1131,2026-05-22,NO BET,0.0,157.89203215947043,57.89203215947043,0.5789203215947043,1.4999999999999996,0.0
1132,2026-05-23,NO BET,0.0,157.89203215947043,57.89203215947043,0.5789203215947043,1.4999999999999996,0.0
1133,2026-05-23,NO BET,0.0,157.89203215947043,57.89203215947043,0.5789203215947043,1.4999999999999996,0.0
1134,2026-05-24,NO BET,0.0,157.89203215947043,57.89203215947043,0.5789203215947043,1.4999999999999996,0.0
1135,2026-05-24,NO BET,0.0,157.89203215947043,57.89203215947043,0.5789203215947043,1.4999999999999996,0.0
1136,2026-05-24,NO BET,0.0,157.89203215947043,57.89203215947043,0.5789203215947043,1.4999999999999996,0.0
1137,2026-05-24,NO BET,0.0,157.89203215947043,57.89203215947043,0.5789203215947043,1.4999999999999996,0.0
1138,2026-05-24,NO BET,0.0,157.89203215947043,57.89203215947043,0.5789203215947043,1.4999999999999996,0.0
1139,2026-05-24,NO BET,0.0,157.89203215947043,57.89203215947043,0.5789203215947043,1.4999999999999996,0.0
1140,2026-05-24,NO BET,0.0,157.89203215947043,57.89203215947043,0.5789203215947043,1.4999999999999996,0.0
