match_id,season,date,home_team,away_team,market,line,odds,implied_probability,model_probability,ev,confidence,kelly_fraction_full,kelly_fraction_half,kelly_fraction_quarter,decision,stake,bankroll,cumulative_profit,roi,yield,max_drawdown
761,2025/26,2025-08-23,Genoa,Lecce,TOTAL_CORNERS_OVER,8.5,2.5,0.4,0.6315681286378818,0.5789203215947045,69.77531026479453,0.38594688106313635,0.19297344053156817,0.09648672026578409,BET,38.59468810631363,157.89203215947043,57.89203215947043,0.5789203215947043,1.4999999999999996,0.0
762,2025/26,2025-08-23,Milan,Cremonese,,,,,,,61.177964231355666,0.0,0.0,0.0,NO BET,0.0,157.89203215947043,57.89203215947043,0.5789203215947043,1.4999999999999996,0.0
763,2025/26,2025-08-23,Roma,Bologna,,,,,,,60.4506846201614,0.0,0.0,0.0,NO BET,0.0,157.89203215947043,57.89203215947043,0.5789203215947043,1.4999999999999996,0.0
764,2025/26,2025-08-23,Sassuolo,Napoli,,,,,,,65.6335726076239,0.0,0.0,0.0,NO BET,0.0,157.89203215947043,57.89203215947043,0.5789203215947043,1.4999999999999996,0.0
765,2025/26,2025-08-24,Atalanta,Pisa,,,,,,,53.37858195116324,0.0,0.0,0.0,NO BET,0.0,157.89203215947043,57.89203215947043,0.5789203215947043,1.4999999999999996,0.0
766,2025/26,2025-08-24,Cagliari,Fiorentina,,,,,,,55.0026493179243,0.0,0.0,0.0,NO BET,0.0,157.89203215947043,57.89203215947043,0.5789203215947043,1.4999999999999996,0.0
767,2025/26,2025-08-24,Como,Lazio,,,,,,,61.37959713854669,0.0,0.0,0.0,NO BET,0.0,157.89203215947043,57.89203215947043,0.5789203215947043,1.4999999999999996,0.0
768,2025/26,2025-08-24,Juventus,Parma,,,,,,,64.92069478077761,0.0,0.0,0.0,NO BET,0.0,157.89203215947043,57.89203215947043,0.5789203215947043,1.4999999999999996,0.0
769,2025/26,2025-08-25,Inter,Torino,,,,,,,65.95554284731406,0.0,0.0,0.0,NO BET,0.0,157.89203215947043,57.89203215947043,0.5789203215947043,1.4999999999999996,0.0
770,2025/26,2025-08-25,Udinese,Verona,,,,,,,53.70319722914852,0.0,0.0,0.0,NO BET,0.0,157.89203215947043,57.89203215947043,0.5789203215947043,1.4999999999999996,0.0
771,2025/26,2025-08-29,Cremonese,Sassuolo,,,,,,,47.60458157771549,0.0,0.0,0.0,NO BET,0.0,157.89203215947043,57.89203215947043,0.5789203215947043,1.4999999999999996,0.0
772,2025/26,2025-08-29,Lecce,Milan,,,,,,,65.7514870527553,0.0,0.0,0.0,NO BET,0.0,157.89203215947043,57.89203215947043,0.5789203215947043,1.4999999999999996,0.0
773,2025/26,2025-08-30,Bologna,Como,,,,,,,65.94428599235258,0.0,0.0,0.0,NO BET,0.0,157.89203215947043,57.89203215947043,0.5789203215947043,1.4999999999999996,0.0
774,2025/26,2025-08-30,Napoli,Cagliari,,,,,,,60.96491477459408,0.0,0.0,0.0,NO BET,0.0,157.89203215947043,57.89203215947043,0.5789203215947043,1.4999999999999996,0.0
775,2025/26,2025-08-30,Parma,Atalanta,,,,,,,51.43842261927111,0.0,0.0,0.0,NO BET,0.0,157.89203215947043,57.89203215947043,0.5789203215947043,1.4999999999999996,0.0
776,2025/26,2025-08-30,Pisa,Roma,,,,,,,48.00842728985272,0.0,0.0,0.0,NO BET,0.0,157.89203215947043,57.89203215947043,0.5789203215947043,1.4999999999999996,0.0
777,2025/26,2025-08-31,Genoa,Juventus,,,,,,,58.760923978780596,0.0,0.0,0.0,NO BET,0.0,157.89203215947043,57.89203215947043,0.5789203215947043,1.4999999999999996,0.0
778,2025/26,2025-08-31,Inter,Udinese,,,,,,,57.576753439890894,0.0,0.0,0.0,NO BET,0.0,157.89203215947043,57.89203215947043,0.5789203215947043,1.4999999999999996,0.0
779,2025/26,2025-08-31,Lazio,Verona,,,,,,,66.26813698891651,0.0,0.0,0.0,NO BET,0.0,157.89203215947043,57.89203215947043,0.5789203215947043,1.4999999999999996,0.0
780,2025/26,2025-08-31,Torino,Fiorentina,,,,,,,69.87785670284411,0.0,0.0,0.0,NO BET,0.0,157.89203215947043,57.89203215947043,0.5789203215947043,1.4999999999999996,0.0
781,2025/26,2025-09-13,Cagliari,Parma,,,,,,,67.59715604328352,0.0,0.0,0.0,NO BET,0.0,157.89203215947043,57.89203215947043,0.5789203215947043,1.4999999999999996,0.0
782,2025/26,2025-09-13,Fiorentina,Napoli,,,,,,,54.28392536354751,0.0,0.0,0.0,NO BET,0.0,157.89203215947043,57.89203215947043,0.5789203215947043,1.4999999999999996,0.0
783,2025/26,2025-09-13,Juventus,Inter,,,,,,,56.64375158808056,0.0,0.0,0.0,NO BET,0.0,157.89203215947043,57.89203215947043,0.5789203215947043,1.4999999999999996,0.0
784,2025/26,2025-09-14,Atalanta,Lecce,,,,,,,72.347102691344,0.0,0.0,0.0,NO BET,0.0,157.89203215947043,57.89203215947043,0.5789203215947043,1.4999999999999996,0.0
785,2025/26,2025-09-14,Milan,Bologna,,,,,,,65.16433871912663,0.0,0.0,0.0,NO BET,0.0,157.89203215947043,57.89203215947043,0.5789203215947043,1.4999999999999996,0.0
786,2025/26,2025-09-14,Pisa,Udinese,,,,,,,36.29310096621696,0.0,0.0,0.0,NO BET,0.0,157.89203215947043,57.89203215947043,0.5789203215947043,1.4999999999999996,0.0
787,2025/26,2025-09-14,Roma,Torino,,,,,,,67.87944742270051,0.0,0.0,0.0,NO BET,0.0,157.89203215947043,57.89203215947043,0.5789203215947043,1.4999999999999996,0.0
788,2025/26,2025-09-14,Sassuolo,Lazio,,,,,,,69.24867931376788,0.0,0.0,0.0,NO BET,0.0,157.89203215947043,57.89203215947043,0.5789203215947043,1.4999999999999996,0.0
789,2025/26,2025-09-15,Como,Genoa,,,,,,,61.05203462793859,0.0,0.0,0.0,NO BET,0.0,157.89203215947043,57.89203215947043,0.5789203215947043,1.4999999999999996,0.0
790,2025/26,2025-09-15,Verona,Cremonese,,,,,,,73.88222321545844,0.0,0.0,0.0,NO BET,0.0,157.89203215947043,57.89203215947043,0.5789203215947043,1.4999999999999996,0.0
791,2025/26,2025-09-19,Lecce,Cagliari,,,,,,,72.18380387593513,0.0,0.0,0.0,NO BET,0.0,157.89203215947043,57.89203215947043,0.5789203215947043,1.4999999999999996,0.0
792,2025/26,2025-09-20,Bologna,Genoa,,,,,,,71.82429857518713,0.0,0.0,0.0,NO BET,0.0,157.89203215947043,57.89203215947043,0.5789203215947043,1.4999999999999996,0.0
793,2025/26,2025-09-20,Udinese,Milan,,,,,,,49.32918227012163,0.0,0.0,0.0,NO BET,0.0,157.89203215947043,57.89203215947043,0.5789203215947043,1.4999999999999996,0.0
794,2025/26,2025-09-20,Verona,Juventus,,,,,,,61.6751132434048,0.0,0.0,0.0,NO BET,0.0,157.89203215947043,57.89203215947043,0.5789203215947043,1.4999999999999996,0.0
795,2025/26,2025-09-21,Cremonese,Parma,,,,,,,40.71754098261211,0.0,0.0,0.0,NO BET,0.0,157.89203215947043,57.89203215947043,0.5789203215947043,1.4999999999999996,0.0
796,2025/26,2025-09-21,Fiorentina,Como,,,,,,,65.00961018849114,0.0,0.0,0.0,NO BET,0.0,157.89203215947043,57.89203215947043,0.5789203215947043,1.4999999999999996,0.0
797,2025/26,2025-09-21,Inter,Sassuolo,,,,,,,70.06894734437223,0.0,0.0,0.0,NO BET,0.0,157.89203215947043,57.89203215947043,0.5789203215947043,1.4999999999999996,0.0
798,2025/26,2025-09-21,Lazio,Roma,,,,,,,71.44588620031932,0.0,0.0,0.0,NO BET,0.0,157.89203215947043,57.89203215947043,0.5789203215947043,1.4999999999999996,0.0
799,2025/26,2025-09-21,Torino,Atalanta,,,,,,,51.62702348782267,0.0,0.0,0.0,NO BET,0.0,157.89203215947043,57.89203215947043,0.5789203215947043,1.4999999999999996,0.0
800,2025/26,2025-09-22,Napoli,Pisa,,,,,,,61.442084971663924,0.0,0.0,0.0,NO BET,0.0,157.89203215947043,57.89203215947043,0.5789203215947043,1.4999999999999996,0.0
801,2025/26,2025-09-27,Cagliari,Inter,,,,,,,64.20119607937396,0.0,0.0,0.0,NO BET,0.0,157.89203215947043,57.89203215947043,0.5789203215947043,1.4999999999999996,0.0
802,2025/26,2025-09-27,Como,Cremonese,,,,,,,55.38673033812424,0.0,0.0,0.0,NO BET,0.0,157.89203215947043,57.89203215947043,0.5789203215947043,1.4999999999999996,0.0
803,2025/26,2025-09-27,Juventus,Atalanta,,,,,,,56.38797967024518,0.0,0.0,0.0,NO BET,0.0,157.89203215947043,57.89203215947043,0.5789203215947043,1.4999999999999996,0.0
804,2025/26,2025-09-28,Lecce,Bologna,,,,,,,67.16753681843379,0.0,0.0,0.0,NO BET,0.0,157.89203215947043,57.89203215947043,0.5789203215947043,1.4999999999999996,0.0
805,2025/26,2025-09-28,Milan,Napoli,,,,,,,70.26370394204653,0.0,0.0,0.0,NO BET,0.0,157.89203215947043,57.89203215947043,0.5789203215947043,1.4999999999999996,0.0
806,2025/26,2025-09-28,Pisa,Fiorentina,,,,,,,49.76952863621775,0.0,0.0,0.0,NO BET,0.0,157.89203215947043,57.89203215947043,0.5789203215947043,1.4999999999999996,0.0
807,2025/26,2025-09-28,Roma,Verona,,,,,,,70.86061857050106,0.0,0.0,0.0,NO BET,0.0,157.89203215947043,57.89203215947043,0.5789203215947043,1.4999999999999996,0.0
808,2025/26,2025-09-28,Sassuolo,Udinese,,,,,,,52.820745366378254,0.0,0.0,0.0,NO BET,0.0,157.89203215947043,57.89203215947043,0.5789203215947043,1.4999999999999996,0.0
809,2025/26,2025-09-29,Genoa,Lazio,,,,,,,60.42255482553834,0.0,0.0,0.0,NO BET,0.0,157.89203215947043,57.89203215947043,0.5789203215947043,1.4999999999999996,0.0
810,2025/26,2025-09-29,Parma,Torino,,,,,,,65.73000016857222,0.0,0.0,0.0,NO BET,0.0,157.89203215947043,57.89203215947043,0.5789203215947043,1.4999999999999996,0.0
811,2025/26,2025-10-03,Verona,Sassuolo,,,,,,,60.809177943282776,0.0,0.0,0.0,NO BET,0.0,157.89203215947043,57.89203215947043,0.5789203215947043,1.4999999999999996,0.0
812,2025/26,2025-10-04,Atalanta,Como,,,,,,,69.71215845719286,0.0,0.0,0.0,NO BET,0.0,157.89203215947043,57.89203215947043,0.5789203215947043,1.4999999999999996,0.0
813,2025/26,2025-10-04,Inter,Cremonese,,,,,,,59.27986532787122,0.0,0.0,0.0,NO BET,0.0,157.89203215947043,57.89203215947043,0.5789203215947043,1.4999999999999996,0.0
814,2025/26,2025-10-04,Lazio,Torino,,,,,,,65.65850222928803,0.0,0.0,0.0,NO BET,0.0,157.89203215947043,57.89203215947043,0.5789203215947043,1.4999999999999996,0.0
815,2025/26,2025-10-04,Parma,Lecce,,,,,,,63.22335893062837,0.0,0.0,0.0,NO BET,0.0,157.89203215947043,57.89203215947043,0.5789203215947043,1.4999999999999996,0.0
816,2025/26,2025-10-05,Bologna,Pisa,,,,,,,48.733041441334414,0.0,0.0,0.0,NO BET,0.0,157.89203215947043,57.89203215947043,0.5789203215947043,1.4999999999999996,0.0
817,2025/26,2025-10-05,Fiorentina,Roma,,,,,,,65.09363309350887,0.0,0.0,0.0,NO BET,0.0,157.89203215947043,57.89203215947043,0.5789203215947043,1.4999999999999996,0.0
818,2025/26,2025-10-05,Juventus,Milan,,,,,,,59.792791692848766,0.0,0.0,0.0,NO BET,0.0,157.89203215947043,57.89203215947043,0.5789203215947043,1.4999999999999996,0.0
819,2025/26,2025-10-05,Napoli,Genoa,,,,,,,64.47748490655802,0.0,0.0,0.0,NO BET,0.0,157.89203215947043,57.89203215947043,0.5789203215947043,1.4999999999999996,0.0
820,2025/26,2025-10-05,Udinese,Cagliari,,,,,,,67.8656321935447,0.0,0.0,0.0,NO BET,0.0,157.89203215947043,57.89203215947043,0.5789203215947043,1.4999999999999996,0.0
821,2025/26,2025-10-18,Lecce,Sassuolo,,,,,,,72.56392131494891,0.0,0.0,0.0,NO BET,0.0,157.89203215947043,57.89203215947043,0.5789203215947043,1.4999999999999996,0.0
822,2025/26,2025-10-18,Pisa,Verona,,,,,,,62.80677490081303,0.0,0.0,0.0,NO BET,0.0,157.89203215947043,57.89203215947043,0.5789203215947043,1.4999999999999996,0.0
823,2025/26,2025-10-18,Roma,Inter,,,,,,,69.22737447036887,0.0,0.0,0.0,NO BET,0.0,157.89203215947043,57.89203215947043,0.5789203215947043,1.4999999999999996,0.0
824,2025/26,2025-10-18,Torino,Napoli,,,,,,,57.971800472727075,0.0,0.0,0.0,NO BET,0.0,157.89203215947043,57.89203215947043,0.5789203215947043,1.4999999999999996,0.0
825,2025/26,2025-10-19,Atalanta,Lazio,,,,,,,62.398355493904525,0.0,0.0,0.0,NO BET,0.0,157.89203215947043,57.89203215947043,0.5789203215947043,1.4999999999999996,0.0
826,2025/26,2025-10-19,Cagliari,Bologna,,,,,,,71.4201433730272,0.0,0.0,0.0,NO BET,0.0,157.89203215947043,57.89203215947043,0.5789203215947043,1.4999999999999996,0.0
827,2025/26,2025-10-19,Como,Juventus,,,,,,,53.43331465038608,0.0,0.0,0.0,NO BET,0.0,157.89203215947043,57.89203215947043,0.5789203215947043,1.4999999999999996,0.0
828,2025/26,2025-10-19,Genoa,Parma,,,,,,,52.44170563637434,0.0,0.0,0.0,NO BET,0.0,157.89203215947043,57.89203215947043,0.5789203215947043,1.4999999999999996,0.0
829,2025/26,2025-10-19,Milan,Fiorentina,,,,,,,49.61184205997364,0.0,0.0,0.0,NO BET,0.0,157.89203215947043,57.89203215947043,0.5789203215947043,1.4999999999999996,0.0
830,2025/26,2025-10-20,Cremonese,Udinese,,,,,,,61.203428731205946,0.0,0.0,0.0,NO BET,0.0,157.89203215947043,57.89203215947043,0.5789203215947043,1.4999999999999996,0.0
831,2025/26,2025-10-24,Milan,Pisa,,,,,,,60.976784468038225,0.0,0.0,0.0,NO BET,0.0,157.89203215947043,57.89203215947043,0.5789203215947043,1.4999999999999996,0.0
832,2025/26,2025-10-25,Cremonese,Atalanta,,,,,,,62.59215108859784,0.0,0.0,0.0,NO BET,0.0,157.89203215947043,57.89203215947043,0.5789203215947043,1.4999999999999996,0.0
833,2025/26,2025-10-25,Napoli,Inter,,,,,,,54.74741405015173,0.0,0.0,0.0,NO BET,0.0,157.89203215947043,57.89203215947043,0.5789203215947043,1.4999999999999996,0.0
834,2025/26,2025-10-25,Parma,Como,,,,,,,59.14505118313371,0.0,0.0,0.0,NO BET,0.0,157.89203215947043,57.89203215947043,0.5789203215947043,1.4999999999999996,0.0
835,2025/26,2025-10-25,Udinese,Lecce,,,,,,,62.7418711897469,0.0,0.0,0.0,NO BET,0.0,157.89203215947043,57.89203215947043,0.5789203215947043,1.4999999999999996,0.0
836,2025/26,2025-10-26,Fiorentina,Bologna,,,,,,,67.54458258349433,0.0,0.0,0.0,NO BET,0.0,157.89203215947043,57.89203215947043,0.5789203215947043,1.4999999999999996,0.0
837,2025/26,2025-10-26,Lazio,Juventus,,,,,,,61.10087159969445,0.0,0.0,0.0,NO BET,0.0,157.89203215947043,57.89203215947043,0.5789203215947043,1.4999999999999996,0.0
838,2025/26,2025-10-26,Sassuolo,Roma,,,,,,,67.58039821222268,0.0,0.0,0.0,NO BET,0.0,157.89203215947043,57.89203215947043,0.5789203215947043,1.4999999999999996,0.0
839,2025/26,2025-10-26,Torino,Genoa,,,,,,,71.8835659543864,0.0,0.0,0.0,NO BET,0.0,157.89203215947043,57.89203215947043,0.5789203215947043,1.4999999999999996,0.0
840,2025/26,2025-10-26,Verona,Cagliari,,,,,,,56.065600510969816,0.0,0.0,0.0,NO BET,0.0,157.89203215947043,57.89203215947043,0.5789203215947043,1.4999999999999996,0.0
841,2025/26,2025-10-28,Atalanta,Milan,,,,,,,59.82897976522352,0.0,0.0,0.0,NO BET,0.0,157.89203215947043,57.89203215947043,0.5789203215947043,1.4999999999999996,0.0
842,2025/26,2025-10-28,Lecce,Napoli,,,,,,,70.28584185975497,0.0,0.0,0.0,NO BET,0.0,157.89203215947043,57.89203215947043,0.5789203215947043,1.4999999999999996,0.0
843,2025/26,2025-10-29,Bologna,Torino,,,,,,,57.58907339720258,0.0,0.0,0.0,NO BET,0.0,157.89203215947043,57.89203215947043,0.5789203215947043,1.4999999999999996,0.0
844,2025/26,2025-10-29,Como,Verona,,,,,,,53.395045784355396,0.0,0.0,0.0,NO BET,0.0,157.89203215947043,57.89203215947043,0.5789203215947043,1.4999999999999996,0.0
845,2025/26,2025-10-29,Genoa,Cremonese,,,,,,,71.82209882828397,0.0,0.0,0.0,NO BET,0.0,157.89203215947043,57.89203215947043,0.5789203215947043,1.4999999999999996,0.0
846,2025/26,2025-10-29,Inter,Fiorentina,,,,,,,61.933061899617734,0.0,0.0,0.0,NO BET,0.0,157.89203215947043,57.89203215947043,0.5789203215947043,1.4999999999999996,0.0
847,2025/26,2025-10-29,Juventus,Udinese,,,,,,,65.98989606098546,0.0,0.0,0.0,NO BET,0.0,157.89203215947043,57.89203215947043,0.5789203215947043,1.4999999999999996,0.0
848,2025/26,2025-10-29,Roma,Parma,,,,,,,70.83122269959638,0.0,0.0,0.0,NO BET,0.0,157.89203215947043,57.89203215947043,0.5789203215947043,1.4999999999999996,0.0
849,2025/26,2025-10-30,Cagliari,Sassuolo,,,,,,,62.870831024231734,0.0,0.0,0.0,NO BET,0.0,157.89203215947043,57.89203215947043,0.5789203215947043,1.4999999999999996,0.0
850,2025/26,2025-10-30,Pisa,Lazio,,,,,,,49.46746636662459,0.0,0.0,0.0,NO BET,0.0,157.89203215947043,57.89203215947043,0.5789203215947043,1.4999999999999996,0.0
851,2025/26,2025-11-01,Cremonese,Juventus,,,,,,,54.92678674007374,0.0,0.0,0.0,NO BET,0.0,157.89203215947043,57.89203215947043,0.5789203215947043,1.4999999999999996,0.0
852,2025/26,2025-11-01,Napoli,Como,,,,,,,58.87925260394,0.0,0.0,0.0,NO BET,0.0,157.89203215947043,57.89203215947043,0.5789203215947043,1.4999999999999996,0.0
853,2025/26,2025-11-01,Udinese,Atalanta,,,,,,,67.48241781089544,0.0,0.0,0.0,NO BET,0.0,157.89203215947043,57.89203215947043,0.5789203215947043,1.4999999999999996,0.0
854,2025/26,2025-11-02,Fiorentina,Lecce,,,,,,,61.82274144301129,0.0,0.0,0.0,NO BET,0.0,157.89203215947043,57.89203215947043,0.5789203215947043,1.4999999999999996,0.0
855,2025/26,2025-11-02,Milan,Roma,,,,,,,56.1928412725256,0.0,0.0,0.0,NO BET,0.0,157.89203215947043,57.89203215947043,0.5789203215947043,1.4999999999999996,0.0
856,2025/26,2025-11-02,Parma,Bologna,,,,,,,57.34973259182621,0.0,0.0,0.0,NO BET,0.0,157.89203215947043,57.89203215947043,0.5789203215947043,1.4999999999999996,0.0
857,2025/26,2025-11-02,Torino,Pisa,,,,,,,58.42528657731899,0.0,0.0,0.0,NO BET,0.0,157.89203215947043,57.89203215947043,0.5789203215947043,1.4999999999999996,0.0
858,2025/26,2025-11-02,Verona,Inter,,,,,,,60.027156545601514,0.0,0.0,0.0,NO BET,0.0,157.89203215947043,57.89203215947043,0.5789203215947043,1.4999999999999996,0.0
859,2025/26,2025-11-03,Lazio,Cagliari,,,,,,,67.59618436952309,0.0,0.0,0.0,NO BET,0.0,157.89203215947043,57.89203215947043,0.5789203215947043,1.4999999999999996,0.0
860,2025/26,2025-11-03,Sassuolo,Genoa,,,,,,,69.88686494396892,0.0,0.0,0.0,NO BET,0.0,157.89203215947043,57.89203215947043,0.5789203215947043,1.4999999999999996,0.0
861,2025/26,2025-11-07,Pisa,Cremonese,,,,,,,69.70846147447256,0.0,0.0,0.0,NO BET,0.0,157.89203215947043,57.89203215947043,0.5789203215947043,1.4999999999999996,0.0
862,2025/26,2025-11-08,Como,Cagliari,,,,,,,73.76488369217576,0.0,0.0,0.0,NO BET,0.0,157.89203215947043,57.89203215947043,0.5789203215947043,1.4999999999999996,0.0
863,2025/26,2025-11-08,Juventus,Torino,,,,,,,68.47380801760204,0.0,0.0,0.0,NO BET,0.0,157.89203215947043,57.89203215947043,0.5789203215947043,1.4999999999999996,0.0
864,2025/26,2025-11-08,Lecce,Verona,,,,,,,70.65259894700864,0.0,0.0,0.0,NO BET,0.0,157.89203215947043,57.89203215947043,0.5789203215947043,1.4999999999999996,0.0
865,2025/26,2025-11-08,Parma,Milan,,,,,,,57.977269652901285,0.0,0.0,0.0,NO BET,0.0,157.89203215947043,57.89203215947043,0.5789203215947043,1.4999999999999996,0.0
866,2025/26,2025-11-09,Atalanta,Sassuolo,,,,,,,54.14632816993434,0.0,0.0,0.0,NO BET,0.0,157.89203215947043,57.89203215947043,0.5789203215947043,1.4999999999999996,0.0
867,2025/26,2025-11-09,Bologna,Napoli,,,,,,,70.51922854212937,0.0,0.0,0.0,NO BET,0.0,157.89203215947043,57.89203215947043,0.5789203215947043,1.4999999999999996,0.0
868,2025/26,2025-11-09,Genoa,Fiorentina,,,,,,,72.85316829752294,0.0,0.0,0.0,NO BET,0.0,157.89203215947043,57.89203215947043,0.5789203215947043,1.4999999999999996,0.0
869,2025/26,2025-11-09,Inter,Lazio,,,,,,,49.87026246358297,0.0,0.0,0.0,NO BET,0.0,157.89203215947043,57.89203215947043,0.5789203215947043,1.4999999999999996,0.0
870,2025/26,2025-11-09,Roma,Udinese,,,,,,,56.54910386078627,0.0,0.0,0.0,NO BET,0.0,157.89203215947043,57.89203215947043,0.5789203215947043,1.4999999999999996,0.0
871,2025/26,2025-11-22,Cagliari,Genoa,,,,,,,65.92969495008035,0.0,0.0,0.0,NO BET,0.0,157.89203215947043,57.89203215947043,0.5789203215947043,1.4999999999999996,0.0
872,2025/26,2025-11-22,Fiorentina,Juventus,,,,,,,69.74503510419349,0.0,0.0,0.0,NO BET,0.0,157.89203215947043,57.89203215947043,0.5789203215947043,1.4999999999999996,0.0
873,2025/26,2025-11-22,Napoli,Atalanta,,,,,,,66.65926592292047,0.0,0.0,0.0,NO BET,0.0,157.89203215947043,57.89203215947043,0.5789203215947043,1.4999999999999996,0.0
874,2025/26,2025-11-22,Udinese,Bologna,,,,,,,74.70835871719419,0.0,0.0,0.0,NO BET,0.0,157.89203215947043,57.89203215947043,0.5789203215947043,1.4999999999999996,0.0
875,2025/26,2025-11-23,Cremonese,Roma,,,,,,,65.69070550842255,0.0,0.0,0.0,NO BET,0.0,157.89203215947043,57.89203215947043,0.5789203215947043,1.4999999999999996,0.0
876,2025/26,2025-11-23,Inter,Milan,,,,,,,72.8219077085469,0.0,0.0,0.0,NO BET,0.0,157.89203215947043,57.89203215947043,0.5789203215947043,1.4999999999999996,0.0
877,2025/26,2025-11-23,Lazio,Lecce,,,,,,,69.89995275741266,0.0,0.0,0.0,NO BET,0.0,157.89203215947043,57.89203215947043,0.5789203215947043,1.4999999999999996,0.0
878,2025/26,2025-11-23,Verona,Parma,,,,,,,64.93870514924063,0.0,0.0,0.0,NO BET,0.0,157.89203215947043,57.89203215947043,0.5789203215947043,1.4999999999999996,0.0
879,2025/26,2025-11-24,Sassuolo,Pisa,,,,,,,62.41342021616118,0.0,0.0,0.0,NO BET,0.0,157.89203215947043,57.89203215947043,0.5789203215947043,1.4999999999999996,0.0
880,2025/26,2025-11-24,Torino,Como,,,,,,,66.08290505122577,0.0,0.0,0.0,NO BET,0.0,157.89203215947043,57.89203215947043,0.5789203215947043,1.4999999999999996,0.0
881,2025/26,2025-11-28,Como,Sassuolo,,,,,,,68.15744131856832,0.0,0.0,0.0,NO BET,0.0,157.89203215947043,57.89203215947043,0.5789203215947043,1.4999999999999996,0.0
882,2025/26,2025-11-29,Genoa,Verona,,,,,,,52.194775841173836,0.0,0.0,0.0,NO BET,0.0,157.89203215947043,57.89203215947043,0.5789203215947043,1.4999999999999996,0.0
883,2025/26,2025-11-29,Juventus,Cagliari,,,,,,,59.21980946998754,0.0,0.0,0.0,NO BET,0.0,157.89203215947043,57.89203215947043,0.5789203215947043,1.4999999999999996,0.0
884,2025/26,2025-11-29,Milan,Lazio,,,,,,,56.590305025965456,0.0,0.0,0.0,NO BET,0.0,157.89203215947043,57.89203215947043,0.5789203215947043,1.4999999999999996,0.0
885,2025/26,2025-11-29,Parma,Udinese,,,,,,,61.45111565608592,0.0,0.0,0.0,NO BET,0.0,157.89203215947043,57.89203215947043,0.5789203215947043,1.4999999999999996,0.0
886,2025/26,2025-11-30,Atalanta,Fiorentina,,,,,,,66.37819939324663,0.0,0.0,0.0,NO BET,0.0,157.89203215947043,57.89203215947043,0.5789203215947043,1.4999999999999996,0.0
887,2025/26,2025-11-30,Lecce,Torino,,,,,,,63.434789462346956,0.0,0.0,0.0,NO BET,0.0,157.89203215947043,57.89203215947043,0.5789203215947043,1.4999999999999996,0.0
888,2025/26,2025-11-30,Pisa,Inter,,,,,,,69.66238644460645,0.0,0.0,0.0,NO BET,0.0,157.89203215947043,57.89203215947043,0.5789203215947043,1.4999999999999996,0.0
889,2025/26,2025-11-30,Roma,Napoli,,,,,,,56.726886292618204,0.0,0.0,0.0,NO BET,0.0,157.89203215947043,57.89203215947043,0.5789203215947043,1.4999999999999996,0.0
890,2025/26,2025-12-01,Bologna,Cremonese,,,,,,,57.42981319044147,0.0,0.0,0.0,NO BET,0.0,157.89203215947043,57.89203215947043,0.5789203215947043,1.4999999999999996,0.0
891,2025/26,2025-12-06,Inter,Como,,,,,,,67.73535388568392,0.0,0.0,0.0,NO BET,0.0,157.89203215947043,57.89203215947043,0.5789203215947043,1.4999999999999996,0.0
892,2025/26,2025-12-06,Sassuolo,Fiorentina,,,,,,,65.6448415583861,0.0,0.0,0.0,NO BET,0.0,157.89203215947043,57.89203215947043,0.5789203215947043,1.4999999999999996,0.0
893,2025/26,2025-12-06,Verona,Atalanta,,,,,,,72.66406524893031,0.0,0.0,0.0,NO BET,0.0,157.89203215947043,57.89203215947043,0.5789203215947043,1.4999999999999996,0.0
894,2025/26,2025-12-07,Cagliari,Roma,,,,,,,55.051428175530525,0.0,0.0,0.0,NO BET,0.0,157.89203215947043,57.89203215947043,0.5789203215947043,1.4999999999999996,0.0
895,2025/26,2025-12-07,Cremonese,Lecce,,,,,,,72.29118152254236,0.0,0.0,0.0,NO BET,0.0,157.89203215947043,57.89203215947043,0.5789203215947043,1.4999999999999996,0.0
896,2025/26,2025-12-07,Lazio,Bologna,,,,,,,67.74026135067929,0.0,0.0,0.0,NO BET,0.0,157.89203215947043,57.89203215947043,0.5789203215947043,1.4999999999999996,0.0
897,2025/26,2025-12-07,Napoli,Juventus,,,,,,,69.87073922488091,0.0,0.0,0.0,NO BET,0.0,157.89203215947043,57.89203215947043,0.5789203215947043,1.4999999999999996,0.0
898,2025/26,2025-12-08,Pisa,Parma,,,,,,,55.88396734717397,0.0,0.0,0.0,NO BET,0.0,157.89203215947043,57.89203215947043,0.5789203215947043,1.4999999999999996,0.0
899,2025/26,2025-12-08,Torino,Milan,,,,,,,53.09456471478173,0.0,0.0,0.0,NO BET,0.0,157.89203215947043,57.89203215947043,0.5789203215947043,1.4999999999999996,0.0
900,2025/26,2025-12-08,Udinese,Genoa,,,,,,,66.37590921549142,0.0,0.0,0.0,NO BET,0.0,157.89203215947043,57.89203215947043,0.5789203215947043,1.4999999999999996,0.0
901,2025/26,2025-12-12,Lecce,Pisa,,,,,,,63.192928744596024,0.0,0.0,0.0,NO BET,0.0,157.89203215947043,57.89203215947043,0.5789203215947043,1.4999999999999996,0.0
902,2025/26,2025-12-13,Atalanta,Cagliari,,,,,,,68.56056288759333,0.0,0.0,0.0,NO BET,0.0,157.89203215947043,57.89203215947043,0.5789203215947043,1.4999999999999996,0.0
903,2025/26,2025-12-13,Parma,Lazio,,,,,,,69.30261789653616,0.0,0.0,0.0,NO BET,0.0,157.89203215947043,57.89203215947043,0.5789203215947043,1.4999999999999996,0.0
904,2025/26,2025-12-13,Torino,Cremonese,,,,,,,67.87042191959256,0.0,0.0,0.0,NO BET,0.0,157.89203215947043,57.89203215947043,0.5789203215947043,1.4999999999999996,0.0
905,2025/26,2025-12-14,Bologna,Juventus,,,,,,,57.37062702750075,0.0,0.0,0.0,NO BET,0.0,157.89203215947043,57.89203215947043,0.5789203215947043,1.4999999999999996,0.0
906,2025/26,2025-12-14,Fiorentina,Verona,,,,,,,64.48646943436098,0.0,0.0,0.0,NO BET,0.0,157.89203215947043,57.89203215947043,0.5789203215947043,1.4999999999999996,0.0
907,2025/26,2025-12-14,Genoa,Inter,,,,,,,61.17577900905739,0.0,0.0,0.0,NO BET,0.0,157.89203215947043,57.89203215947043,0.5789203215947043,1.4999999999999996,0.0
908,2025/26,2025-12-14,Milan,Sassuolo,,,,,,,69.82315897905916,0.0,0.0,0.0,NO BET,0.0,157.89203215947043,57.89203215947043,0.5789203215947043,1.4999999999999996,0.0
909,2025/26,2025-12-14,Udinese,Napoli,,,,,,,53.58722161734219,0.0,0.0,0.0,NO BET,0.0,157.89203215947043,57.89203215947043,0.5789203215947043,1.4999999999999996,0.0
910,2025/26,2025-12-15,Roma,Como,,,,,,,70.11935996480902,0.0,0.0,0.0,NO BET,0.0,157.89203215947043,57.89203215947043,0.5789203215947043,1.4999999999999996,0.0
911,2025/26,2025-12-20,Juventus,Roma,,,,,,,55.611320282113695,0.0,0.0,0.0,NO BET,0.0,157.89203215947043,57.89203215947043,0.5789203215947043,1.4999999999999996,0.0
912,2025/26,2025-12-20,Lazio,Cremonese,,,,,,,50.04692447474337,0.0,0.0,0.0,NO BET,0.0,157.89203215947043,57.89203215947043,0.5789203215947043,1.4999999999999996,0.0
913,2025/26,2025-12-21,Cagliari,Pisa,,,,,,,65.94522719770343,0.0,0.0,0.0,NO BET,0.0,157.89203215947043,57.89203215947043,0.5789203215947043,1.4999999999999996,0.0
914,2025/26,2025-12-21,Fiorentina,Udinese,,,,,,,56.42946908273445,0.0,0.0,0.0,NO BET,0.0,157.89203215947043,57.89203215947043,0.5789203215947043,1.4999999999999996,0.0
915,2025/26,2025-12-21,Genoa,Atalanta,,,,,,,62.36458987375523,0.0,0.0,0.0,NO BET,0.0,157.89203215947043,57.89203215947043,0.5789203215947043,1.4999999999999996,0.0
916,2025/26,2025-12-21,Sassuolo,Torino,,,,,,,53.40097660824114,0.0,0.0,0.0,NO BET,0.0,157.89203215947043,57.89203215947043,0.5789203215947043,1.4999999999999996,0.0
917,2025/26,2025-12-27,Lecce,Como,,,,,,,69.6122787897734,0.0,0.0,0.0,NO BET,0.0,157.89203215947043,57.89203215947043,0.5789203215947043,1.4999999999999996,0.0
918,2025/26,2025-12-27,Parma,Fiorentina,,,,,,,67.16834265860746,0.0,0.0,0.0,NO BET,0.0,157.89203215947043,57.89203215947043,0.5789203215947043,1.4999999999999996,0.0
919,2025/26,2025-12-27,Pisa,Juventus,,,,,,,72.277880945578,0.0,0.0,0.0,NO BET,0.0,157.89203215947043,57.89203215947043,0.5789203215947043,1.4999999999999996,0.0
920,2025/26,2025-12-27,Torino,Cagliari,,,,,,,68.50570718382097,0.0,0.0,0.0,NO BET,0.0,157.89203215947043,57.89203215947043,0.5789203215947043,1.4999999999999996,0.0
921,2025/26,2025-12-27,Udinese,Lazio,,,,,,,65.71207434522266,0.0,0.0,0.0,NO BET,0.0,157.89203215947043,57.89203215947043,0.5789203215947043,1.4999999999999996,0.0
922,2025/26,2025-12-28,Atalanta,Inter,,,,,,,69.43599811859353,0.0,0.0,0.0,NO BET,0.0,157.89203215947043,57.89203215947043,0.5789203215947043,1.4999999999999996,0.0
923,2025/26,2025-12-28,Bologna,Sassuolo,,,,,,,56.39351721619339,0.0,0.0,0.0,NO BET,0.0,157.89203215947043,57.89203215947043,0.5789203215947043,1.4999999999999996,0.0
924,2025/26,2025-12-28,Cremonese,Napoli,,,,,,,67.75685852876386,0.0,0.0,0.0,NO BET,0.0,157.89203215947043,57.89203215947043,0.5789203215947043,1.4999999999999996,0.0
925,2025/26,2025-12-28,Milan,Verona,,,,,,,71.30841386764459,0.0,0.0,0.0,NO BET,0.0,157.89203215947043,57.89203215947043,0.5789203215947043,1.4999999999999996,0.0
926,2025/26,2025-12-29,Roma,Genoa,,,,,,,58.75987130269874,0.0,0.0,0.0,NO BET,0.0,157.89203215947043,57.89203215947043,0.5789203215947043,1.4999999999999996,0.0
927,2025/26,2026-01-02,Cagliari,Milan,,,,,,,61.343447955008344,0.0,0.0,0.0,NO BET,0.0,157.89203215947043,57.89203215947043,0.5789203215947043,1.4999999999999996,0.0
928,2025/26,2026-01-03,Atalanta,Roma,,,,,,,64.83731518699847,0.0,0.0,0.0,NO BET,0.0,157.89203215947043,57.89203215947043,0.5789203215947043,1.4999999999999996,0.0
929,2025/26,2026-01-03,Como,Udinese,,,,,,,54.90526677461671,0.0,0.0,0.0,NO BET,0.0,157.89203215947043,57.89203215947043,0.5789203215947043,1.4999999999999996,0.0
930,2025/26,2026-01-03,Genoa,Pisa,,,,,,,67.23218949413082,0.0,0.0,0.0,NO BET,0.0,157.89203215947043,57.89203215947043,0.5789203215947043,1.4999999999999996,0.0
931,2025/26,2026-01-03,Juventus,Lecce,,,,,,,68.98510623583256,0.0,0.0,0.0,NO BET,0.0,157.89203215947043,57.89203215947043,0.5789203215947043,1.4999999999999996,0.0
932,2025/26,2026-01-03,Sassuolo,Parma,,,,,,,70.45772817011262,0.0,0.0,0.0,NO BET,0.0,157.89203215947043,57.89203215947043,0.5789203215947043,1.4999999999999996,0.0
933,2025/26,2026-01-04,Fiorentina,Cremonese,,,,,,,72.51454756336054,0.0,0.0,0.0,NO BET,0.0,157.89203215947043,57.89203215947043,0.5789203215947043,1.4999999999999996,0.0
934,2025/26,2026-01-04,Inter,Bologna,,,,,,,63.62500459875909,0.0,0.0,0.0,NO BET,0.0,157.89203215947043,57.89203215947043,0.5789203215947043,1.4999999999999996,0.0
935,2025/26,2026-01-04,Lazio,Napoli,,,,,,,70.97525907567757,0.0,0.0,0.0,NO BET,0.0,157.89203215947043,57.89203215947043,0.5789203215947043,1.4999999999999996,0.0
936,2025/26,2026-01-04,Verona,Torino,,,,,,,71.52471020523159,0.0,0.0,0.0,NO BET,0.0,157.89203215947043,57.89203215947043,0.5789203215947043,1.4999999999999996,0.0
937,2025/26,2026-01-06,Lecce,Roma,,,,,,,52.81341065724527,0.0,0.0,0.0,NO BET,0.0,157.89203215947043,57.89203215947043,0.5789203215947043,1.4999999999999996,0.0
938,2025/26,2026-01-06,Pisa,Como,,,,,,,57.528932974669964,0.0,0.0,0.0,NO BET,0.0,157.89203215947043,57.89203215947043,0.5789203215947043,1.4999999999999996,0.0
939,2025/26,2026-01-06,Sassuolo,Juventus,,,,,,,70.19604890376814,0.0,0.0,0.0,NO BET,0.0,157.89203215947043,57.89203215947043,0.5789203215947043,1.4999999999999996,0.0
940,2025/26,2026-01-07,Bologna,Atalanta,,,,,,,68.11990555174697,0.0,0.0,0.0,NO BET,0.0,157.89203215947043,57.89203215947043,0.5789203215947043,1.4999999999999996,0.0
941,2025/26,2026-01-07,Lazio,Fiorentina,,,,,,,70.80471796297289,0.0,0.0,0.0,NO BET,0.0,157.89203215947043,57.89203215947043,0.5789203215947043,1.4999999999999996,0.0
942,2025/26,2026-01-07,Napoli,Verona,,,,,,,60.21758535547653,0.0,0.0,0.0,NO BET,0.0,157.89203215947043,57.89203215947043,0.5789203215947043,1.4999999999999996,0.0
943,2025/26,2026-01-07,Parma,Inter,,,,,,,53.55055556934365,0.0,0.0,0.0,NO BET,0.0,157.89203215947043,57.89203215947043,0.5789203215947043,1.4999999999999996,0.0
944,2025/26,2026-01-07,Torino,Udinese,,,,,,,71.4842155913191,0.0,0.0,0.0,NO BET,0.0,157.89203215947043,57.89203215947043,0.5789203215947043,1.4999999999999996,0.0
945,2025/26,2026-01-08,Cremonese,Cagliari,,,,,,,53.11546588921428,0.0,0.0,0.0,NO BET,0.0,157.89203215947043,57.89203215947043,0.5789203215947043,1.4999999999999996,0.0
946,2025/26,2026-01-08,Milan,Genoa,,,,,,,62.30614093205165,0.0,0.0,0.0,NO BET,0.0,157.89203215947043,57.89203215947043,0.5789203215947043,1.4999999999999996,0.0
947,2025/26,2026-01-10,Atalanta,Torino,,,,,,,68.7930264488246,0.0,0.0,0.0,NO BET,0.0,157.89203215947043,57.89203215947043,0.5789203215947043,1.4999999999999996,0.0
948,2025/26,2026-01-10,Como,Bologna,,,,,,,57.865171085912905,0.0,0.0,0.0,NO BET,0.0,157.89203215947043,57.89203215947043,0.5789203215947043,1.4999999999999996,0.0
949,2025/26,2026-01-10,Roma,Sassuolo,,,,,,,63.19824367801944,0.0,0.0,0.0,NO BET,0.0,157.89203215947043,57.89203215947043,0.5789203215947043,1.4999999999999996,0.0
950,2025/26,2026-01-10,Udinese,Pisa,,,,,,,70.50465184142344,0.0,0.0,0.0,NO BET,0.0,157.89203215947043,57.89203215947043,0.5789203215947043,1.4999999999999996,0.0
951,2025/26,2026-01-11,Fiorentina,Milan,,,,,,,60.813726090596255,0.0,0.0,0.0,NO BET,0.0,157.89203215947043,57.89203215947043,0.5789203215947043,1.4999999999999996,0.0
952,2025/26,2026-01-11,Inter,Napoli,,,,,,,57.48788741537457,0.0,0.0,0.0,NO BET,0.0,157.89203215947043,57.89203215947043,0.5789203215947043,1.4999999999999996,0.0
953,2025/26,2026-01-11,Lecce,Parma,,,,,,,55.945866021349964,0.0,0.0,0.0,NO BET,0.0,157.89203215947043,57.89203215947043,0.5789203215947043,1.4999999999999996,0.0
954,2025/26,2026-01-11,Verona,Lazio,,,,,,,51.11427352316451,0.0,0.0,0.0,NO BET,0.0,157.89203215947043,57.89203215947043,0.5789203215947043,1.4999999999999996,0.0
955,2025/26,2026-01-12,Genoa,Cagliari,,,,,,,49.19665656081586,0.0,0.0,0.0,NO BET,0.0,157.89203215947043,57.89203215947043,0.5789203215947043,1.4999999999999996,0.0
956,2025/26,2026-01-12,Juventus,Cremonese,,,,,,,71.01264894376476,0.0,0.0,0.0,NO BET,0.0,157.89203215947043,57.89203215947043,0.5789203215947043,1.4999999999999996,0.0
957,2025/26,2026-01-14,Inter,Lecce,,,,,,,57.86858745171718,0.0,0.0,0.0,NO BET,0.0,157.89203215947043,57.89203215947043,0.5789203215947043,1.4999999999999996,0.0
958,2025/26,2026-01-14,Napoli,Parma,,,,,,,66.86034265594888,0.0,0.0,0.0,NO BET,0.0,157.89203215947043,57.89203215947043,0.5789203215947043,1.4999999999999996,0.0
959,2025/26,2026-01-15,Como,Milan,,,,,,,66.03747650353748,0.0,0.0,0.0,NO BET,0.0,157.89203215947043,57.89203215947043,0.5789203215947043,1.4999999999999996,0.0
960,2025/26,2026-01-15,Verona,Bologna,,,,,,,69.4553913785277,0.0,0.0,0.0,NO BET,0.0,157.89203215947043,57.89203215947043,0.5789203215947043,1.4999999999999996,0.0
961,2025/26,2026-01-16,Pisa,Atalanta,,,,,,,68.76684142348772,0.0,0.0,0.0,NO BET,0.0,157.89203215947043,57.89203215947043,0.5789203215947043,1.4999999999999996,0.0
962,2025/26,2026-01-17,Cagliari,Juventus,,,,,,,56.47975043273274,0.0,0.0,0.0,NO BET,0.0,157.89203215947043,57.89203215947043,0.5789203215947043,1.4999999999999996,0.0
963,2025/26,2026-01-17,Napoli,Sassuolo,,,,,,,70.0574399480407,0.0,0.0,0.0,NO BET,0.0,157.89203215947043,57.89203215947043,0.5789203215947043,1.4999999999999996,0.0
964,2025/26,2026-01-17,Udinese,Inter,,,,,,,63.92515427018319,0.0,0.0,0.0,NO BET,0.0,157.89203215947043,57.89203215947043,0.5789203215947043,1.4999999999999996,0.0
965,2025/26,2026-01-18,Bologna,Fiorentina,,,,,,,66.04118150613066,0.0,0.0,0.0,NO BET,0.0,157.89203215947043,57.89203215947043,0.5789203215947043,1.4999999999999996,0.0
966,2025/26,2026-01-18,Milan,Lecce,,,,,,,67.16159148359161,0.0,0.0,0.0,NO BET,0.0,157.89203215947043,57.89203215947043,0.5789203215947043,1.4999999999999996,0.0
967,2025/26,2026-01-18,Parma,Genoa,,,,,,,71.65091975806935,0.0,0.0,0.0,NO BET,0.0,157.89203215947043,57.89203215947043,0.5789203215947043,1.4999999999999996,0.0
968,2025/26,2026-01-18,Torino,Roma,,,,,,,53.582609556127366,0.0,0.0,0.0,NO BET,0.0,157.89203215947043,57.89203215947043,0.5789203215947043,1.4999999999999996,0.0
969,2025/26,2026-01-19,Cremonese,Verona,,,,,,,69.46212214712423,0.0,0.0,0.0,NO BET,0.0,157.89203215947043,57.89203215947043,0.5789203215947043,1.4999999999999996,0.0
970,2025/26,2026-01-19,Lazio,Como,,,,,,,57.28435095646657,0.0,0.0,0.0,NO BET,0.0,157.89203215947043,57.89203215947043,0.5789203215947043,1.4999999999999996,0.0
971,2025/26,2026-01-23,Inter,Pisa,,,,,,,65.36062619249296,0.0,0.0,0.0,NO BET,0.0,157.89203215947043,57.89203215947043,0.5789203215947043,1.4999999999999996,0.0
972,2025/26,2026-01-24,Como,Torino,,,,,,,52.37763904162192,0.0,0.0,0.0,NO BET,0.0,157.89203215947043,57.89203215947043,0.5789203215947043,1.4999999999999996,0.0
973,2025/26,2026-01-24,Fiorentina,Cagliari,,,,,,,71.69953306897472,0.0,0.0,0.0,NO BET,0.0,157.89203215947043,57.89203215947043,0.5789203215947043,1.4999999999999996,0.0
974,2025/26,2026-01-24,Lecce,Lazio,,,,,,,52.692947667437096,0.0,0.0,0.0,NO BET,0.0,157.89203215947043,57.89203215947043,0.5789203215947043,1.4999999999999996,0.0
975,2025/26,2026-01-25,Atalanta,Parma,,,,,,,56.44064181789563,0.0,0.0,0.0,NO BET,0.0,157.89203215947043,57.89203215947043,0.5789203215947043,1.4999999999999996,0.0
976,2025/26,2026-01-25,Genoa,Bologna,,,,,,,60.97806325354298,0.0,0.0,0.0,NO BET,0.0,157.89203215947043,57.89203215947043,0.5789203215947043,1.4999999999999996,0.0
977,2025/26,2026-01-25,Juventus,Napoli,,,,,,,57.309198007572846,0.0,0.0,0.0,NO BET,0.0,157.89203215947043,57.89203215947043,0.5789203215947043,1.4999999999999996,0.0
978,2025/26,2026-01-25,Roma,Milan,,,,,,,63.25643304503906,0.0,0.0,0.0,NO BET,0.0,157.89203215947043,57.89203215947043,0.5789203215947043,1.4999999999999996,0.0
979,2025/26,2026-01-25,Sassuolo,Cremonese,,,,,,,61.573371877213404,0.0,0.0,0.0,NO BET,0.0,157.89203215947043,57.89203215947043,0.5789203215947043,1.4999999999999996,0.0
980,2025/26,2026-01-26,Verona,Udinese,,,,,,,69.95291604155064,0.0,0.0,0.0,NO BET,0.0,157.89203215947043,57.89203215947043,0.5789203215947043,1.4999999999999996,0.0
981,2025/26,2026-01-30,Lazio,Genoa,,,,,,,61.5953665521183,0.0,0.0,0.0,NO BET,0.0,157.89203215947043,57.89203215947043,0.5789203215947043,1.4999999999999996,0.0
982,2025/26,2026-01-31,Cagliari,Verona,,,,,,,64.6760702856246,0.0,0.0,0.0,NO BET,0.0,157.89203215947043,57.89203215947043,0.5789203215947043,1.4999999999999996,0.0
983,2025/26,2026-01-31,Napoli,Fiorentina,,,,,,,64.38411845687024,0.0,0.0,0.0,NO BET,0.0,157.89203215947043,57.89203215947043,0.5789203215947043,1.4999999999999996,0.0
984,2025/26,2026-01-31,Pisa,Sassuolo,,,,,,,63.975003955435916,0.0,0.0,0.0,NO BET,0.0,157.89203215947043,57.89203215947043,0.5789203215947043,1.4999999999999996,0.0
985,2025/26,2026-02-01,Como,Atalanta,,,,,,,62.561257049566656,0.0,0.0,0.0,NO BET,0.0,157.89203215947043,57.89203215947043,0.5789203215947043,1.4999999999999996,0.0
986,2025/26,2026-02-01,Cremonese,Inter,,,,,,,66.08201105664865,0.0,0.0,0.0,NO BET,0.0,157.89203215947043,57.89203215947043,0.5789203215947043,1.4999999999999996,0.0
987,2025/26,2026-02-01,Parma,Juventus,,,,,,,71.10031659055629,0.0,0.0,0.0,NO BET,0.0,157.89203215947043,57.89203215947043,0.5789203215947043,1.4999999999999996,0.0
988,2025/26,2026-02-01,Torino,Lecce,,,,,,,71.32259591729022,0.0,0.0,0.0,NO BET,0.0,157.89203215947043,57.89203215947043,0.5789203215947043,1.4999999999999996,0.0
989,2025/26,2026-02-02,Udinese,Roma,,,,,,,68.4948682246136,0.0,0.0,0.0,NO BET,0.0,157.89203215947043,57.89203215947043,0.5789203215947043,1.4999999999999996,0.0
990,2025/26,2026-02-03,Bologna,Milan,,,,,,,57.61897371407102,0.0,0.0,0.0,NO BET,0.0,157.89203215947043,57.89203215947043,0.5789203215947043,1.4999999999999996,0.0
991,2025/26,2026-02-06,Verona,Pisa,,,,,,,64.73010341698891,0.0,0.0,0.0,NO BET,0.0,157.89203215947043,57.89203215947043,0.5789203215947043,1.4999999999999996,0.0
992,2025/26,2026-02-07,Fiorentina,Torino,,,,,,,61.60384341585774,0.0,0.0,0.0,NO BET,0.0,157.89203215947043,57.89203215947043,0.5789203215947043,1.4999999999999996,0.0
993,2025/26,2026-02-07,Genoa,Napoli,,,,,,,66.8794144345801,0.0,0.0,0.0,NO BET,0.0,157.89203215947043,57.89203215947043,0.5789203215947043,1.4999999999999996,0.0
994,2025/26,2026-02-08,Bologna,Parma,,,,,,,71.03031676970892,0.0,0.0,0.0,NO BET,0.0,157.89203215947043,57.89203215947043,0.5789203215947043,1.4999999999999996,0.0
995,2025/26,2026-02-08,Juventus,Lazio,,,,,,,66.14960653710996,0.0,0.0,0.0,NO BET,0.0,157.89203215947043,57.89203215947043,0.5789203215947043,1.4999999999999996,0.0
996,2025/26,2026-02-08,Lecce,Udinese,,,,,,,59.437702179770646,0.0,0.0,0.0,NO BET,0.0,157.89203215947043,57.89203215947043,0.5789203215947043,1.4999999999999996,0.0
997,2025/26,2026-02-08,Sassuolo,Inter,,,,,,,67.60719803036766,0.0,0.0,0.0,NO BET,0.0,157.89203215947043,57.89203215947043,0.5789203215947043,1.4999999999999996,0.0
998,2025/26,2026-02-09,Atalanta,Cremonese,,,,,,,56.38591825656197,0.0,0.0,0.0,NO BET,0.0,157.89203215947043,57.89203215947043,0.5789203215947043,1.4999999999999996,0.0
999,2025/26,2026-02-09,Roma,Cagliari,,,,,,,61.2493567514978,0.0,0.0,0.0,NO BET,0.0,157.89203215947043,57.89203215947043,0.5789203215947043,1.4999999999999996,0.0
1000,2025/26,2026-02-13,Pisa,Milan,,,,,,,50.26569497092537,0.0,0.0,0.0,NO BET,0.0,157.89203215947043,57.89203215947043,0.5789203215947043,1.4999999999999996,0.0
1001,2025/26,2026-02-14,Como,Fiorentina,,,,,,,58.84558134434806,0.0,0.0,0.0,NO BET,0.0,157.89203215947043,57.89203215947043,0.5789203215947043,1.4999999999999996,0.0
1002,2025/26,2026-02-14,Inter,Juventus,,,,,,,56.909564632411104,0.0,0.0,0.0,NO BET,0.0,157.89203215947043,57.89203215947043,0.5789203215947043,1.4999999999999996,0.0
1003,2025/26,2026-02-14,Lazio,Atalanta,,,,,,,67.44983850591963,0.0,0.0,0.0,NO BET,0.0,157.89203215947043,57.89203215947043,0.5789203215947043,1.4999999999999996,0.0
1004,2025/26,2026-02-15,Cremonese,Genoa,,,,,,,57.809527011579796,0.0,0.0,0.0,NO BET,0.0,157.89203215947043,57.89203215947043,0.5789203215947043,1.4999999999999996,0.0
1005,2025/26,2026-02-15,Napoli,Roma,,,,,,,51.93248397648986,0.0,0.0,0.0,NO BET,0.0,157.89203215947043,57.89203215947043,0.5789203215947043,1.4999999999999996,0.0
1006,2025/26,2026-02-15,Parma,Verona,,,,,,,61.96994351961016,0.0,0.0,0.0,NO BET,0.0,157.89203215947043,57.89203215947043,0.5789203215947043,1.4999999999999996,0.0
1007,2025/26,2026-02-15,Torino,Bologna,,,,,,,57.32058889827183,0.0,0.0,0.0,NO BET,0.0,157.89203215947043,57.89203215947043,0.5789203215947043,1.4999999999999996,0.0
1008,2025/26,2026-02-15,Udinese,Sassuolo,,,,,,,62.468638089502505,0.0,0.0,0.0,NO BET,0.0,157.89203215947043,57.89203215947043,0.5789203215947043,1.4999999999999996,0.0
1009,2025/26,2026-02-16,Cagliari,Lecce,,,,,,,72.40466725233719,0.0,0.0,0.0,NO BET,0.0,157.89203215947043,57.89203215947043,0.5789203215947043,1.4999999999999996,0.0
1010,2025/26,2026-02-18,Milan,Como,,,,,,,65.57008233091905,0.0,0.0,0.0,NO BET,0.0,157.89203215947043,57.89203215947043,0.5789203215947043,1.4999999999999996,0.0
1011,2025/26,2026-02-20,Sassuolo,Verona,,,,,,,71.0330283973515,0.0,0.0,0.0,NO BET,0.0,157.89203215947043,57.89203215947043,0.5789203215947043,1.4999999999999996,0.0
1012,2025/26,2026-02-21,Cagliari,Lazio,,,,,,,70.4791348026146,0.0,0.0,0.0,NO BET,0.0,157.89203215947043,57.89203215947043,0.5789203215947043,1.4999999999999996,0.0
1013,2025/26,2026-02-21,Juventus,Como,,,,,,,69.95865666189825,0.0,0.0,0.0,NO BET,0.0,157.89203215947043,57.89203215947043,0.5789203215947043,1.4999999999999996,0.0
1014,2025/26,2026-02-21,Lecce,Inter,,,,,,,62.45260583935366,0.0,0.0,0.0,NO BET,0.0,157.89203215947043,57.89203215947043,0.5789203215947043,1.4999999999999996,0.0
1015,2025/26,2026-02-22,Atalanta,Napoli,,,,,,,63.98239493856045,0.0,0.0,0.0,NO BET,0.0,157.89203215947043,57.89203215947043,0.5789203215947043,1.4999999999999996,0.0
1016,2025/26,2026-02-22,Genoa,Torino,,,,,,,54.03238336435615,0.0,0.0,0.0,NO BET,0.0,157.89203215947043,57.89203215947043,0.5789203215947043,1.4999999999999996,0.0
1017,2025/26,2026-02-22,Milan,Parma,,,,,,,60.164360015767535,0.0,0.0,0.0,NO BET,0.0,157.89203215947043,57.89203215947043,0.5789203215947043,1.4999999999999996,0.0
1018,2025/26,2026-02-22,Roma,Cremonese,,,,,,,72.165389778235,0.0,0.0,0.0,NO BET,0.0,157.89203215947043,57.89203215947043,0.5789203215947043,1.4999999999999996,0.0
1019,2025/26,2026-02-23,Bologna,Udinese,,,,,,,68.30135507813941,0.0,0.0,0.0,NO BET,0.0,157.89203215947043,57.89203215947043,0.5789203215947043,1.4999999999999996,0.0
1020,2025/26,2026-02-23,Fiorentina,Pisa,,,,,,,63.09762111104767,0.0,0.0,0.0,NO BET,0.0,157.89203215947043,57.89203215947043,0.5789203215947043,1.4999999999999996,0.0
1021,2025/26,2026-02-27,Parma,Cagliari,,,,,,,71.54917513869293,0.0,0.0,0.0,NO BET,0.0,157.89203215947043,57.89203215947043,0.5789203215947043,1.4999999999999996,0.0
1022,2025/26,2026-02-28,Como,Lecce,,,,,,,56.724440100470645,0.0,0.0,0.0,NO BET,0.0,157.89203215947043,57.89203215947043,0.5789203215947043,1.4999999999999996,0.0
1023,2025/26,2026-02-28,Inter,Genoa,,,,,,,65.06920680447108,0.0,0.0,0.0,NO BET,0.0,157.89203215947043,57.89203215947043,0.5789203215947043,1.4999999999999996,0.0
1024,2025/26,2026-02-28,Verona,Napoli,,,,,,,63.17535501724245,0.0,0.0,0.0,NO BET,0.0,157.89203215947043,57.89203215947043,0.5789203215947043,1.4999999999999996,0.0
1025,2025/26,2026-03-01,Cremonese,Milan,,,,,,,63.06197875931767,0.0,0.0,0.0,NO BET,0.0,157.89203215947043,57.89203215947043,0.5789203215947043,1.4999999999999996,0.0
1026,2025/26,2026-03-01,Roma,Juventus,,,,,,,58.99199056660213,0.0,0.0,0.0,NO BET,0.0,157.89203215947043,57.89203215947043,0.5789203215947043,1.4999999999999996,0.0
1027,2025/26,2026-03-01,Sassuolo,Atalanta,,,,,,,65.79897393257664,0.0,0.0,0.0,NO BET,0.0,157.89203215947043,57.89203215947043,0.5789203215947043,1.4999999999999996,0.0
1028,2025/26,2026-03-01,Torino,Lazio,,,,,,,56.85823543177899,0.0,0.0,0.0,NO BET,0.0,157.89203215947043,57.89203215947043,0.5789203215947043,1.4999999999999996,0.0
1029,2025/26,2026-03-02,Pisa,Bologna,,,,,,,71.02198224993634,0.0,0.0,0.0,NO BET,0.0,157.89203215947043,57.89203215947043,0.5789203215947043,1.4999999999999996,0.0
1030,2025/26,2026-03-02,Udinese,Fiorentina,,,,,,,63.060086423336045,0.0,0.0,0.0,NO BET,0.0,157.89203215947043,57.89203215947043,0.5789203215947043,1.4999999999999996,0.0
1031,2025/26,2026-03-06,Napoli,Torino,,,,,,,65.43331790470795,0.0,0.0,0.0,NO BET,0.0,157.89203215947043,57.89203215947043,0.5789203215947043,1.4999999999999996,0.0
1032,2025/26,2026-03-07,Atalanta,Udinese,,,,,,,56.730465011932054,0.0,0.0,0.0,NO BET,0.0,157.89203215947043,57.89203215947043,0.5789203215947043,1.4999999999999996,0.0
1033,2025/26,2026-03-07,Cagliari,Como,,,,,,,58.221157840878625,0.0,0.0,0.0,NO BET,0.0,157.89203215947043,57.89203215947043,0.5789203215947043,1.4999999999999996,0.0
1034,2025/26,2026-03-07,Juventus,Pisa,,,,,,,64.66246409026766,0.0,0.0,0.0,NO BET,0.0,157.89203215947043,57.89203215947043,0.5789203215947043,1.4999999999999996,0.0
1035,2025/26,2026-03-08,Bologna,Verona,,,,,,,58.8782582139814,0.0,0.0,0.0,NO BET,0.0,157.89203215947043,57.89203215947043,0.5789203215947043,1.4999999999999996,0.0
1036,2025/26,2026-03-08,Fiorentina,Parma,,,,,,,67.07386423036886,0.0,0.0,0.0,NO BET,0.0,157.89203215947043,57.89203215947043,0.5789203215947043,1.4999999999999996,0.0
1037,2025/26,2026-03-08,Genoa,Roma,,,,,,,67.87333618893227,0.0,0.0,0.0,NO BET,0.0,157.89203215947043,57.89203215947043,0.5789203215947043,1.4999999999999996,0.0
1038,2025/26,2026-03-08,Lecce,Cremonese,,,,,,,55.58577537622573,0.0,0.0,0.0,NO BET,0.0,157.89203215947043,57.89203215947043,0.5789203215947043,1.4999999999999996,0.0
1039,2025/26,2026-03-08,Milan,Inter,,,,,,,65.39433017694778,0.0,0.0,0.0,NO BET,0.0,157.89203215947043,57.89203215947043,0.5789203215947043,1.4999999999999996,0.0
1040,2025/26,2026-03-09,Lazio,Sassuolo,,,,,,,60.596595501782666,0.0,0.0,0.0,NO BET,0.0,157.89203215947043,57.89203215947043,0.5789203215947043,1.4999999999999996,0.0
1041,2025/26,2026-03-13,Torino,Parma,,,,,,,69.8565369807056,0.0,0.0,0.0,NO BET,0.0,157.89203215947043,57.89203215947043,0.5789203215947043,1.4999999999999996,0.0
1042,2025/26,2026-03-14,Inter,Atalanta,,,,,,,56.792395108989766,0.0,0.0,0.0,NO BET,0.0,157.89203215947043,57.89203215947043,0.5789203215947043,1.4999999999999996,0.0
1043,2025/26,2026-03-14,Napoli,Lecce,,,,,,,56.96166929647477,0.0,0.0,0.0,NO BET,0.0,157.89203215947043,57.89203215947043,0.5789203215947043,1.4999999999999996,0.0
1044,2025/26,2026-03-14,Udinese,Juventus,,,,,,,68.20320812088913,0.0,0.0,0.0,NO BET,0.0,157.89203215947043,57.89203215947043,0.5789203215947043,1.4999999999999996,0.0
1045,2025/26,2026-03-15,Como,Roma,,,,,,,70.28388898856055,0.0,0.0,0.0,NO BET,0.0,157.89203215947043,57.89203215947043,0.5789203215947043,1.4999999999999996,0.0
1046,2025/26,2026-03-15,Lazio,Milan,,,,,,,69.79066360617006,0.0,0.0,0.0,NO BET,0.0,157.89203215947043,57.89203215947043,0.5789203215947043,1.4999999999999996,0.0
1047,2025/26,2026-03-15,Pisa,Cagliari,,,,,,,57.56127789769971,0.0,0.0,0.0,NO BET,0.0,157.89203215947043,57.89203215947043,0.5789203215947043,1.4999999999999996,0.0
1048,2025/26,2026-03-15,Sassuolo,Bologna,,,,,,,72.68504988638212,0.0,0.0,0.0,NO BET,0.0,157.89203215947043,57.89203215947043,0.5789203215947043,1.4999999999999996,0.0
1049,2025/26,2026-03-15,Verona,Genoa,,,,,,,55.75511349862315,0.0,0.0,0.0,NO BET,0.0,157.89203215947043,57.89203215947043,0.5789203215947043,1.4999999999999996,0.0
1050,2025/26,2026-03-16,Cremonese,Fiorentina,,,,,,,70.780885701593,0.0,0.0,0.0,NO BET,0.0,157.89203215947043,57.89203215947043,0.5789203215947043,1.4999999999999996,0.0
1051,2025/26,2026-03-20,Cagliari,Napoli,,,,,,,69.13576375811598,0.0,0.0,0.0,NO BET,0.0,157.89203215947043,57.89203215947043,0.5789203215947043,1.4999999999999996,0.0
1052,2025/26,2026-03-20,Genoa,Udinese,,,,,,,60.97871484360372,0.0,0.0,0.0,NO BET,0.0,157.89203215947043,57.89203215947043,0.5789203215947043,1.4999999999999996,0.0
1053,2025/26,2026-03-21,Juventus,Sassuolo,,,,,,,62.255760525557356,0.0,0.0,0.0,NO BET,0.0,157.89203215947043,57.89203215947043,0.5789203215947043,1.4999999999999996,0.0
1054,2025/26,2026-03-21,Milan,Torino,,,,,,,70.7024447183035,0.0,0.0,0.0,NO BET,0.0,157.89203215947043,57.89203215947043,0.5789203215947043,1.4999999999999996,0.0
1055,2025/26,2026-03-21,Parma,Cremonese,,,,,,,48.91296712970628,0.0,0.0,0.0,NO BET,0.0,157.89203215947043,57.89203215947043,0.5789203215947043,1.4999999999999996,0.0
1056,2025/26,2026-03-22,Atalanta,Verona,,,,,,,60.09861497060868,0.0,0.0,0.0,NO BET,0.0,157.89203215947043,57.89203215947043,0.5789203215947043,1.4999999999999996,0.0
1057,2025/26,2026-03-22,Bologna,Lazio,,,,,,,49.05945154018115,0.0,0.0,0.0,NO BET,0.0,157.89203215947043,57.89203215947043,0.5789203215947043,1.4999999999999996,0.0
1058,2025/26,2026-03-22,Como,Pisa,,,,,,,68.73386081049509,0.0,0.0,0.0,NO BET,0.0,157.89203215947043,57.89203215947043,0.5789203215947043,1.4999999999999996,0.0
1059,2025/26,2026-03-22,Fiorentina,Inter,,,,,,,70.03580680704798,0.0,0.0,0.0,NO BET,0.0,157.89203215947043,57.89203215947043,0.5789203215947043,1.4999999999999996,0.0
1060,2025/26,2026-03-22,Roma,Lecce,,,,,,,68.14562122638613,0.0,0.0,0.0,NO BET,0.0,157.89203215947043,57.89203215947043,0.5789203215947043,1.4999999999999996,0.0
1061,2025/26,2026-04-04,Lazio,Parma,,,,,,,70.63670291622161,0.0,0.0,0.0,NO BET,0.0,157.89203215947043,57.89203215947043,0.5789203215947043,1.4999999999999996,0.0
1062,2025/26,2026-04-04,Sassuolo,Cagliari,,,,,,,51.87823125652543,0.0,0.0,0.0,NO BET,0.0,157.89203215947043,57.89203215947043,0.5789203215947043,1.4999999999999996,0.0
1063,2025/26,2026-04-04,Verona,Fiorentina,,,,,,,70.47667888534353,0.0,0.0,0.0,NO BET,0.0,157.89203215947043,57.89203215947043,0.5789203215947043,1.4999999999999996,0.0
1064,2025/26,2026-04-05,Cremonese,Bologna,,,,,,,58.44464807688393,0.0,0.0,0.0,NO BET,0.0,157.89203215947043,57.89203215947043,0.5789203215947043,1.4999999999999996,0.0
1065,2025/26,2026-04-05,Inter,Roma,,,,,,,67.9439472725732,0.0,0.0,0.0,NO BET,0.0,157.89203215947043,57.89203215947043,0.5789203215947043,1.4999999999999996,0.0
1066,2025/26,2026-04-05,Pisa,Torino,,,,,,,48.974513885109225,0.0,0.0,0.0,NO BET,0.0,157.89203215947043,57.89203215947043,0.5789203215947043,1.4999999999999996,0.0
1067,2025/26,2026-04-06,Juventus,Genoa,,,,,,,69.76631175237137,0.0,0.0,0.0,NO BET,0.0,157.89203215947043,57.89203215947043,0.5789203215947043,1.4999999999999996,0.0
1068,2025/26,2026-04-06,Lecce,Atalanta,,,,,,,63.773748561071585,0.0,0.0,0.0,NO BET,0.0,157.89203215947043,57.89203215947043,0.5789203215947043,1.4999999999999996,0.0
1069,2025/26,2026-04-06,Napoli,Milan,,,,,,,66.46447318674633,0.0,0.0,0.0,NO BET,0.0,157.89203215947043,57.89203215947043,0.5789203215947043,1.4999999999999996,0.0
1070,2025/26,2026-04-06,Udinese,Como,,,,,,,66.95008633026464,0.0,0.0,0.0,NO BET,0.0,157.89203215947043,57.89203215947043,0.5789203215947043,1.4999999999999996,0.0
1071,2025/26,2026-04-10,Roma,Pisa,,,,,,,50.15162459107984,0.0,0.0,0.0,NO BET,0.0,157.89203215947043,57.89203215947043,0.5789203215947043,1.4999999999999996,0.0
1072,2025/26,2026-04-11,Atalanta,Juventus,,,,,,,56.647650332346714,0.0,0.0,0.0,NO BET,0.0,157.89203215947043,57.89203215947043,0.5789203215947043,1.4999999999999996,0.0
1073,2025/26,2026-04-11,Cagliari,Cremonese,,,,,,,69.20846992319707,0.0,0.0,0.0,NO BET,0.0,157.89203215947043,57.89203215947043,0.5789203215947043,1.4999999999999996,0.0
1074,2025/26,2026-04-11,Milan,Udinese,,,,,,,62.54460097519823,0.0,0.0,0.0,NO BET,0.0,157.89203215947043,57.89203215947043,0.5789203215947043,1.4999999999999996,0.0
1075,2025/26,2026-04-11,Torino,Verona,,,,,,,71.21610082964406,0.0,0.0,0.0,NO BET,0.0,157.89203215947043,57.89203215947043,0.5789203215947043,1.4999999999999996,0.0
1076,2025/26,2026-04-12,Bologna,Lecce,,,,,,,60.40581198899611,0.0,0.0,0.0,NO BET,0.0,157.89203215947043,57.89203215947043,0.5789203215947043,1.4999999999999996,0.0
1077,2025/26,2026-04-12,Como,Inter,,,,,,,52.4346807891634,0.0,0.0,0.0,NO BET,0.0,157.89203215947043,57.89203215947043,0.5789203215947043,1.4999999999999996,0.0
1078,2025/26,2026-04-12,Genoa,Sassuolo,,,,,,,64.22968524821303,0.0,0.0,0.0,NO BET,0.0,157.89203215947043,57.89203215947043,0.5789203215947043,1.4999999999999996,0.0
1079,2025/26,2026-04-12,Parma,Napoli,,,,,,,69.85042578601966,0.0,0.0,0.0,NO BET,0.0,157.89203215947043,57.89203215947043,0.5789203215947043,1.4999999999999996,0.0
1080,2025/26,2026-04-13,Fiorentina,Lazio,,,,,,,69.39226282379522,0.0,0.0,0.0,NO BET,0.0,157.89203215947043,57.89203215947043,0.5789203215947043,1.4999999999999996,0.0
1081,2025/26,2026-04-17,Inter,Cagliari,,,,,,,61.562618705867365,0.0,0.0,0.0,NO BET,0.0,157.89203215947043,57.89203215947043,0.5789203215947043,1.4999999999999996,0.0
1082,2025/26,2026-04-17,Sassuolo,Como,,,,,,,60.78220185513842,0.0,0.0,0.0,NO BET,0.0,157.89203215947043,57.89203215947043,0.5789203215947043,1.4999999999999996,0.0
1083,2025/26,2026-04-18,Napoli,Lazio,,,,,,,63.94883615398068,0.0,0.0,0.0,NO BET,0.0,157.89203215947043,57.89203215947043,0.5789203215947043,1.4999999999999996,0.0
1084,2025/26,2026-04-18,Roma,Atalanta,,,,,,,59.135976184001805,0.0,0.0,0.0,NO BET,0.0,157.89203215947043,57.89203215947043,0.5789203215947043,1.4999999999999996,0.0
1085,2025/26,2026-04-18,Udinese,Parma,,,,,,,56.27352672435153,0.0,0.0,0.0,NO BET,0.0,157.89203215947043,57.89203215947043,0.5789203215947043,1.4999999999999996,0.0
1086,2025/26,2026-04-19,Cremonese,Torino,,,,,,,61.90184985755193,0.0,0.0,0.0,NO BET,0.0,157.89203215947043,57.89203215947043,0.5789203215947043,1.4999999999999996,0.0
1087,2025/26,2026-04-19,Juventus,Bologna,,,,,,,61.33971221539397,0.0,0.0,0.0,NO BET,0.0,157.89203215947043,57.89203215947043,0.5789203215947043,1.4999999999999996,0.0
1088,2025/26,2026-04-19,Pisa,Genoa,,,,,,,70.91724457370566,0.0,0.0,0.0,NO BET,0.0,157.89203215947043,57.89203215947043,0.5789203215947043,1.4999999999999996,0.0
1089,2025/26,2026-04-19,Verona,Milan,,,,,,,67.36719145504819,0.0,0.0,0.0,NO BET,0.0,157.89203215947043,57.89203215947043,0.5789203215947043,1.4999999999999996,0.0
1090,2025/26,2026-04-20,Lecce,Fiorentina,,,,,,,57.908937757713886,0.0,0.0,0.0,NO BET,0.0,157.89203215947043,57.89203215947043,0.5789203215947043,1.4999999999999996,0.0
1091,2025/26,2026-04-24,Napoli,Cremonese,,,,,,,63.5795528160302,0.0,0.0,0.0,NO BET,0.0,157.89203215947043,57.89203215947043,0.5789203215947043,1.4999999999999996,0.0
1092,2025/26,2026-04-25,Bologna,Roma,,,,,,,57.69215428826057,0.0,0.0,0.0,NO BET,0.0,157.89203215947043,57.89203215947043,0.5789203215947043,1.4999999999999996,0.0
1093,2025/26,2026-04-25,Parma,Pisa,,,,,,,69.98331038945645,0.0,0.0,0.0,NO BET,0.0,157.89203215947043,57.89203215947043,0.5789203215947043,1.4999999999999996,0.0
1094,2025/26,2026-04-25,Verona,Lecce,,,,,,,60.38238570600186,0.0,0.0,0.0,NO BET,0.0,157.89203215947043,57.89203215947043,0.5789203215947043,1.4999999999999996,0.0
1095,2025/26,2026-04-26,Fiorentina,Sassuolo,,,,,,,71.91384936229174,0.0,0.0,0.0,NO BET,0.0,157.89203215947043,57.89203215947043,0.5789203215947043,1.4999999999999996,0.0
1096,2025/26,2026-04-26,Genoa,Como,,,,,,,59.033856385199826,0.0,0.0,0.0,NO BET,0.0,157.89203215947043,57.89203215947043,0.5789203215947043,1.4999999999999996,0.0
1097,2025/26,2026-04-26,Milan,Juventus,,,,,,,50.00193259051168,0.0,0.0,0.0,NO BET,0.0,157.89203215947043,57.89203215947043,0.5789203215947043,1.4999999999999996,0.0
1098,2025/26,2026-04-26,Torino,Inter,,,,,,,70.66988231437752,0.0,0.0,0.0,NO BET,0.0,157.89203215947043,57.89203215947043,0.5789203215947043,1.4999999999999996,0.0
1099,2025/26,2026-04-27,Cagliari,Atalanta,,,,,,,68.56895043394293,0.0,0.0,0.0,NO BET,0.0,157.89203215947043,57.89203215947043,0.5789203215947043,1.4999999999999996,0.0
1100,2025/26,2026-04-27,Lazio,Udinese,,,,,,,71.21755379875981,0.0,0.0,0.0,NO BET,0.0,157.89203215947043,57.89203215947043,0.5789203215947043,1.4999999999999996,0.0
1101,2025/26,2026-05-01,Pisa,Lecce,,,,,,,60.39477953719905,0.0,0.0,0.0,NO BET,0.0,157.89203215947043,57.89203215947043,0.5789203215947043,1.4999999999999996,0.0
1102,2025/26,2026-05-02,Atalanta,Genoa,,,,,,,67.51416039252159,0.0,0.0,0.0,NO BET,0.0,157.89203215947043,57.89203215947043,0.5789203215947043,1.4999999999999996,0.0
1103,2025/26,2026-05-02,Como,Napoli,,,,,,,57.110459787222275,0.0,0.0,0.0,NO BET,0.0,157.89203215947043,57.89203215947043,0.5789203215947043,1.4999999999999996,0.0
1104,2025/26,2026-05-02,Udinese,Torino,,,,,,,63.33662210801763,0.0,0.0,0.0,NO BET,0.0,157.89203215947043,57.89203215947043,0.5789203215947043,1.4999999999999996,0.0
1105,2025/26,2026-05-03,Bologna,Cagliari,,,,,,,70.10363459519299,0.0,0.0,0.0,NO BET,0.0,157.89203215947043,57.89203215947043,0.5789203215947043,1.4999999999999996,0.0
1106,2025/26,2026-05-03,Inter,Parma,,,,,,,72.57814189922193,0.0,0.0,0.0,NO BET,0.0,157.89203215947043,57.89203215947043,0.5789203215947043,1.4999999999999996,0.0
1107,2025/26,2026-05-03,Juventus,Verona,,,,,,,56.48888860178126,0.0,0.0,0.0,NO BET,0.0,157.89203215947043,57.89203215947043,0.5789203215947043,1.4999999999999996,0.0
1108,2025/26,2026-05-03,Sassuolo,Milan,,,,,,,51.64432749717955,0.0,0.0,0.0,NO BET,0.0,157.89203215947043,57.89203215947043,0.5789203215947043,1.4999999999999996,0.0
1109,2025/26,2026-05-04,Cremonese,Lazio,,,,,,,59.6191224190687,0.0,0.0,0.0,NO BET,0.0,157.89203215947043,57.89203215947043,0.5789203215947043,1.4999999999999996,0.0
1110,2025/26,2026-05-04,Roma,Fiorentina,,,,,,,67.38999119142477,0.0,0.0,0.0,NO BET,0.0,157.89203215947043,57.89203215947043,0.5789203215947043,1.4999999999999996,0.0
1111,2025/26,2026-05-08,Torino,Sassuolo,,,,,,,67.98438677653765,0.0,0.0,0.0,NO BET,0.0,157.89203215947043,57.89203215947043,0.5789203215947043,1.4999999999999996,0.0
1112,2025/26,2026-05-09,Cagliari,Udinese,,,,,,,64.17085893503011,0.0,0.0,0.0,NO BET,0.0,157.89203215947043,57.89203215947043,0.5789203215947043,1.4999999999999996,0.0
1113,2025/26,2026-05-09,Lazio,Inter,,,,,,,56.69187763981676,0.0,0.0,0.0,NO BET,0.0,157.89203215947043,57.89203215947043,0.5789203215947043,1.4999999999999996,0.0
1114,2025/26,2026-05-09,Lecce,Juventus,,,,,,,69.4949992136277,0.0,0.0,0.0,NO BET,0.0,157.89203215947043,57.89203215947043,0.5789203215947043,1.4999999999999996,0.0
1115,2025/26,2026-05-10,Cremonese,Pisa,,,,,,,70.74370910840474,0.0,0.0,0.0,NO BET,0.0,157.89203215947043,57.89203215947043,0.5789203215947043,1.4999999999999996,0.0
1116,2025/26,2026-05-10,Fiorentina,Genoa,,,,,,,60.13009928896261,0.0,0.0,0.0,NO BET,0.0,157.89203215947043,57.89203215947043,0.5789203215947043,1.4999999999999996,0.0
1117,2025/26,2026-05-10,Milan,Atalanta,,,,,,,51.09256043462573,0.0,0.0,0.0,NO BET,0.0,157.89203215947043,57.89203215947043,0.5789203215947043,1.4999999999999996,0.0
1118,2025/26,2026-05-10,Parma,Roma,,,,,,,66.84786108280315,0.0,0.0,0.0,NO BET,0.0,157.89203215947043,57.89203215947043,0.5789203215947043,1.4999999999999996,0.0
1119,2025/26,2026-05-10,Verona,Como,,,,,,,57.90705989058138,0.0,0.0,0.0,NO BET,0.0,157.89203215947043,57.89203215947043,0.5789203215947043,1.4999999999999996,0.0
1120,2025/26,2026-05-11,Napoli,Bologna,,,,,,,67.5675792117936,0.0,0.0,0.0,NO BET,0.0,157.89203215947043,57.89203215947043,0.5789203215947043,1.4999999999999996,0.0
1121,2025/26,2026-05-17,Atalanta,Bologna,,,,,,,59.620506054811685,0.0,0.0,0.0,NO BET,0.0,157.89203215947043,57.89203215947043,0.5789203215947043,1.4999999999999996,0.0
1122,2025/26,2026-05-17,Cagliari,Torino,,,,,,,56.22626971869654,0.0,0.0,0.0,NO BET,0.0,157.89203215947043,57.89203215947043,0.5789203215947043,1.4999999999999996,0.0
1123,2025/26,2026-05-17,Como,Parma,,,,,,,55.47719875967022,0.0,0.0,0.0,NO BET,0.0,157.89203215947043,57.89203215947043,0.5789203215947043,1.4999999999999996,0.0
1124,2025/26,2026-05-17,Genoa,Milan,,,,,,,68.58671541317989,0.0,0.0,0.0,NO BET,0.0,157.89203215947043,57.89203215947043,0.5789203215947043,1.4999999999999996,0.0
1125,2025/26,2026-05-17,Inter,Verona,,,,,,,67.24240063573819,0.0,0.0,0.0,NO BET,0.0,157.89203215947043,57.89203215947043,0.5789203215947043,1.4999999999999996,0.0
1126,2025/26,2026-05-17,Juventus,Fiorentina,,,,,,,68.00633676822706,0.0,0.0,0.0,NO BET,0.0,157.89203215947043,57.89203215947043,0.5789203215947043,1.4999999999999996,0.0
1127,2025/26,2026-05-17,Pisa,Napoli,,,,,,,66.18490045303965,0.0,0.0,0.0,NO BET,0.0,157.89203215947043,57.89203215947043,0.5789203215947043,1.4999999999999996,0.0
1128,2025/26,2026-05-17,Roma,Lazio,,,,,,,69.26088556335853,0.0,0.0,0.0,NO BET,0.0,157.89203215947043,57.89203215947043,0.5789203215947043,1.4999999999999996,0.0
1129,2025/26,2026-05-17,Sassuolo,Lecce,,,,,,,72.80120087725582,0.0,0.0,0.0,NO BET,0.0,157.89203215947043,57.89203215947043,0.5789203215947043,1.4999999999999996,0.0
1130,2025/26,2026-05-17,Udinese,Cremonese,,,,,,,70.14509158029027,0.0,0.0,0.0,NO BET,0.0,157.89203215947043,57.89203215947043,0.5789203215947043,1.4999999999999996,0.0
1131,2025/26,2026-05-22,Fiorentina,Atalanta,,,,,,,58.16998135493687,0.0,0.0,0.0,NO BET,0.0,157.89203215947043,57.89203215947043,0.5789203215947043,1.4999999999999996,0.0
1132,2025/26,2026-05-23,Bologna,Inter,,,,,,,53.179564635756705,0.0,0.0,0.0,NO BET,0.0,157.89203215947043,57.89203215947043,0.5789203215947043,1.4999999999999996,0.0
1133,2025/26,2026-05-23,Lazio,Pisa,,,,,,,57.053535034523314,0.0,0.0,0.0,NO BET,0.0,157.89203215947043,57.89203215947043,0.5789203215947043,1.4999999999999996,0.0
1134,2025/26,2026-05-24,Cremonese,Como,,,,,,,61.710383560125514,0.0,0.0,0.0,NO BET,0.0,157.89203215947043,57.89203215947043,0.5789203215947043,1.4999999999999996,0.0
1135,2025/26,2026-05-24,Lecce,Genoa,,,,,,,61.91296256993358,0.0,0.0,0.0,NO BET,0.0,157.89203215947043,57.89203215947043,0.5789203215947043,1.4999999999999996,0.0
1136,2025/26,2026-05-24,Milan,Cagliari,,,,,,,70.07704210502233,0.0,0.0,0.0,NO BET,0.0,157.89203215947043,57.89203215947043,0.5789203215947043,1.4999999999999996,0.0
1137,2025/26,2026-05-24,Napoli,Udinese,,,,,,,54.91921954205922,0.0,0.0,0.0,NO BET,0.0,157.89203215947043,57.89203215947043,0.5789203215947043,1.4999999999999996,0.0
1138,2025/26,2026-05-24,Parma,Sassuolo,,,,,,,48.885242233765304,0.0,0.0,0.0,NO BET,0.0,157.89203215947043,57.89203215947043,0.5789203215947043,1.4999999999999996,0.0
1139,2025/26,2026-05-24,Torino,Juventus,,,,,,,59.719403157489126,0.0,0.0,0.0,NO BET,0.0,157.89203215947043,57.89203215947043,0.5789203215947043,1.4999999999999996,0.0
1140,2025/26,2026-05-24,Verona,Roma,,,,,,,71.08915209116013,0.0,0.0,0.0,NO BET,0.0,157.89203215947043,57.89203215947043,0.5789203215947043,1.4999999999999996,0.0
